Transaction_ID,Date,Product,Category,Quantity,Price_Per_Unit,Total_Price
3130,2024-01-20,Milk,Dairy,9,39.64,356.76
3130,2024-01-20,Rice,Dry Products,8,14.29,114.32
3130,2024-01-20,Potatoes,Vegetables,7,8.25,57.75
7607,2024-06-14,Beef,Meat,7,21.53,150.71
7607,2024-06-14,Coffee,Beverages,5,39.68,198.4
7607,2024-06-14,Chocolate,Sweets,1,17.85,17.85
8916,2024-01-25,Ham,Meat,1,35.1,35.1
8916,2024-01-25,Cookies,Sweets,10,38.52,385.2
8916,2024-01-25,Coffee,Beverages,3,39.95,119.85
8916,2024-01-25,Tomato,Vegetables,3,22.17,66.51
6154,2024-03-26,Milk,Dairy,1,37.92,37.92
6154,2024-03-26,Butter,Dairy,2,15.38,30.76
6154,2024-03-26,Rice,Dry Products,10,33.36,333.6
6154,2024-03-26,Banana,Fruits,9,18.37,165.33
6154,2024-03-26,Cheese,Dairy,6,3.74,22.44
7084,2024-05-04,Milk,Dairy,2,40.44,80.88
7084,2024-05-04,Potatoes,Vegetables,7,23.39,163.73
7084,2024-05-04,Rice,Dry Products,6,17.17,103.02
7084,2024-05-04,Banana,Fruits,10,41.64,416.4
1720,2024-03-13,Beef,Meat,4,5.77,23.08
1720,2024-03-13,Rice,Dry Products,1,11.48,11.48
1720,2024-03-13,Cheese,Dairy,6,24.67,148.02
7077,2024-04-20,Coffee,Beverages,5,5.7,28.5
7077,2024-04-20,Tomato,Vegetables,7,30.22,211.54
2293,2024-01-17,Cheese,Dairy,9,48.81,439.29
2293,2024-01-17,Tomato,Vegetables,6,48.31,289.86
2293,2024-01-17,Apple,Fruits,4,13.5,54.0
6176,2024-02-24,Ham,Meat,9,8.93,80.37
6176,2024-02-24,Potatoes,Vegetables,6,11.65,69.9
1536,2024-03-01,Potatoes,Vegetables,4,24.92,99.68
1536,2024-03-01,Banana,Fruits,9,23.28,209.52
2939,2024-06-28,Banana,Fruits,1,31.54,31.54
9709,2024-05-26,Pasta,Dry Products,8,12.1,96.8
6671,2024-01-22,Coffee,Beverages,2,4.82,9.64
6671,2024-01-22,Cheese,Dairy,3,15.83,47.49
6671,2024-01-22,Rice,Dry Products,5,44.32,221.6
6671,2024-01-22,Cookies,Sweets,2,20.15,40.3
6705,2024-03-02,Water,Beverages,3,8.74,26.22
6705,2024-03-02,Tomato,Vegetables,6,4.25,25.5
6705,2024-03-02,Orange Juice,Beverages,5,21.48,107.4
5663,2024-06-28,Beef,Meat,6,40.35,242.1
5663,2024-06-28,Chocolate,Sweets,4,44.93,179.72
5663,2024-06-28,Pasta,Dry Products,9,8.17,73.53
4599,2024-05-28,Tea,Beverages,10,13.88,138.8
7727,2024-05-29,Coffee,Beverages,8,30.53,244.24
7727,2024-05-29,Butter,Dairy,6,31.29,187.74
7727,2024-05-29,Cookies,Sweets,8,23.21,185.68
7727,2024-05-29,Pasta,Dry Products,3,10.3,30.9
3232,2024-03-14,Water,Beverages,2,49.62,99.24
3232,2024-03-14,Cookies,Sweets,5,37.68,188.4
3232,2024-03-14,Tea,Beverages,9,22.69,204.21
9193,2024-05-26,Cookies,Sweets,5,4.21,21.05
9193,2024-05-26,Tomato,Vegetables,1,44.59,44.59
9193,2024-05-26,Milk,Dairy,3,31.36,94.08
7000,2024-03-08,Chocolate,Sweets,3,14.13,42.39
7747,2024-02-24,Beef,Meat,9,32.57,293.13
7747,2024-02-24,Butter,Dairy,9,13.83,124.47
7747,2024-02-24,Cookies,Sweets,5,15.76,78.8
7747,2024-02-24,Water,Beverages,9,12.11,108.99
7747,2024-02-24,Cheese,Dairy,6,9.35,56.1
4962,2024-01-25,Butter,Dairy,4,4.66,18.64
4962,2024-01-25,Eggs,Dairy,10,12.55,125.5
4962,2024-01-25,Tomato,Vegetables,5,17.4,87.0
3259,2024-06-08,Tomato,Vegetables,9,30.99,278.91
2792,2024-06-20,Water,Beverages,3,32.79,98.37
9802,2024-02-14,Beef,Meat,10,46.28,462.8
3757,2024-03-12,Bread,Bakery,9,47.92,431.28
3757,2024-03-12,Water,Beverages,9,21.8,196.2
3757,2024-03-12,Cookies,Sweets,5,26.63,133.15
3757,2024-03-12,Tomato,Vegetables,2,35.02,70.04
3757,2024-03-12,Milk,Dairy,9,9.9,89.1
5735,2024-05-23,Water,Beverages,9,21.38,192.42
5735,2024-05-23,Bread,Bakery,7,7.61,53.27
3999,2024-02-23,Chocolate,Sweets,2,27.32,54.64
3999,2024-02-23,Beef,Meat,5,47.14,235.7
3999,2024-02-23,Orange Juice,Beverages,9,20.94,188.46
2477,2024-04-19,Milk,Dairy,10,49.09,490.9
2477,2024-04-19,Coffee,Beverages,10,22.41,224.1
2477,2024-04-19,Cookies,Sweets,1,28.37,28.37
2477,2024-04-19,Rice,Dry Products,9,10.13,91.17
2797,2024-02-15,Chocolate,Sweets,4,43.45,173.8
2797,2024-02-15,Rice,Dry Products,7,42.02,294.14
2797,2024-02-15,Tea,Beverages,6,20.04,120.24
2797,2024-02-15,Beef,Meat,1,48.26,48.26
9766,2024-05-03,Orange Juice,Beverages,1,37.32,37.32
9766,2024-05-03,Rice,Dry Products,7,15.7,109.9
9766,2024-05-03,Banana,Fruits,1,10.25,10.25
9766,2024-05-03,Milk,Dairy,5,29.53,147.65
9006,2024-01-30,Cheese,Dairy,5,10.18,50.9
9006,2024-01-30,Banana,Fruits,9,37.07,333.63
4609,2024-05-05,Orange Juice,Beverages,2,44.04,88.08
4609,2024-05-05,Eggs,Dairy,5,11.83,59.15
4609,2024-05-05,Banana,Fruits,1,49.6,49.6
4609,2024-05-05,Chocolate,Sweets,10,6.78,67.8
4609,2024-05-05,Cheese,Dairy,9,41.82,376.38
1194,2024-04-03,Beef,Meat,1,10.91,10.91
1389,2024-06-29,Tomato,Vegetables,6,4.68,28.08
1389,2024-06-29,Tea,Beverages,9,17.48,157.32
1389,2024-06-29,Chocolate,Sweets,5,44.76,223.8
1389,2024-06-29,Coffee,Beverages,7,43.05,301.35
4630,2024-01-29,Potatoes,Vegetables,1,46.8,46.8
4111,2024-02-21,Cheese,Dairy,2,36.41,72.82
4111,2024-02-21,Tomato,Vegetables,3,32.45,97.35
4111,2024-02-21,Tea,Beverages,10,32.2,322.0
4111,2024-02-21,Banana,Fruits,6,11.93,71.58
3211,2024-04-14,Chicken,Meat,6,2.31,13.86
1486,2024-03-04,Bread,Bakery,10,45.02,450.2
1486,2024-03-04,Potatoes,Vegetables,3,31.21,93.63
1486,2024-03-04,Butter,Dairy,1,21.55,21.55
5896,2024-01-30,Banana,Fruits,5,25.23,126.15
5896,2024-01-30,Ham,Meat,8,47.83,382.64
5896,2024-01-30,Orange Juice,Beverages,2,43.58,87.16
5896,2024-01-30,Milk,Dairy,7,17.34,121.38
6876,2024-03-09,Water,Beverages,5,44.7,223.5
6876,2024-03-09,Milk,Dairy,9,44.63,401.67
6876,2024-03-09,Potatoes,Vegetables,10,6.18,61.8
3763,2024-06-23,Tea,Beverages,7,32.43,227.01
3763,2024-06-23,Beef,Meat,10,25.7,257.0
3763,2024-06-23,Rice,Dry Products,7,27.97,195.79
3763,2024-06-23,Cheese,Dairy,9,29.75,267.75
5460,2024-01-01,Cheese,Dairy,7,19.94,139.58
5460,2024-01-01,Tomato,Vegetables,4,30.1,120.4
5460,2024-01-01,Butter,Dairy,8,30.45,243.6
5460,2024-01-01,Rice,Dry Products,5,5.87,29.35
5125,2024-05-21,Rice,Dry Products,6,12.19,73.14
1715,2024-01-22,Tomato,Vegetables,7,13.07,91.49
1715,2024-01-22,Orange Juice,Beverages,7,33.95,237.65
1715,2024-01-22,Coffee,Beverages,8,43.84,350.72
1715,2024-01-22,Bread,Bakery,6,16.77,100.62
1715,2024-01-22,Banana,Fruits,9,33.71,303.39
3495,2024-04-20,Beef,Meat,7,39.46,276.22
3495,2024-04-20,Rice,Dry Products,1,9.73,9.73
3495,2024-04-20,Orange Juice,Beverages,1,8.3,8.3
3495,2024-04-20,Ham,Meat,8,7.98,63.84
3495,2024-04-20,Tomato,Vegetables,8,35.3,282.4
3498,2024-06-22,Potatoes,Vegetables,6,21.78,130.68
2625,2024-02-26,Orange Juice,Beverages,7,43.01,301.07
2625,2024-02-26,Cookies,Sweets,1,8.44,8.44
2625,2024-02-26,Potatoes,Vegetables,9,26.27,236.43
2625,2024-02-26,Cheese,Dairy,2,45.2,90.4
2625,2024-02-26,Milk,Dairy,6,35.69,214.14
3274,2024-02-26,Potatoes,Vegetables,1,31.53,31.53
3274,2024-02-26,Milk,Dairy,9,2.82,25.38
1512,2024-05-09,Pasta,Dry Products,1,25.47,25.47
1512,2024-05-09,Chicken,Meat,1,27.6,27.6
1512,2024-05-09,Tomato,Vegetables,7,21.64,151.48
1512,2024-05-09,Apple,Fruits,4,49.43,197.72
8893,2024-03-30,Ham,Meat,8,5.89,47.12
1787,2024-03-30,Cookies,Sweets,1,47.83,47.83
1787,2024-03-30,Tea,Beverages,2,36.45,72.9
5931,2024-01-06,Cheese,Dairy,8,31.32,250.56
5931,2024-01-06,Water,Beverages,3,20.14,60.42
5681,2024-04-05,Coffee,Beverages,6,42.55,255.3
5681,2024-04-05,Butter,Dairy,4,39.93,159.72
5681,2024-04-05,Chocolate,Sweets,8,21.12,168.96
5681,2024-04-05,Banana,Fruits,4,27.02,108.08
9661,2024-01-25,Orange Juice,Beverages,10,18.5,185.0
9661,2024-01-25,Pasta,Dry Products,9,20.29,182.61
9661,2024-01-25,Eggs,Dairy,9,23.92,215.28
3274,2024-06-27,Coffee,Beverages,2,49.15,98.3
1632,2024-01-11,Potatoes,Vegetables,7,15.67,109.69
1632,2024-01-11,Coffee,Beverages,2,18.26,36.52
1632,2024-01-11,Cookies,Sweets,8,25.77,206.16
1632,2024-01-11,Beef,Meat,7,16.17,113.19
7143,2024-03-14,Apple,Fruits,6,37.7,226.2
7143,2024-03-14,Milk,Dairy,5,20.4,102.0
5999,2024-04-20,Chicken,Meat,10,47.55,475.5
3623,2024-05-22,Tomato,Vegetables,3,22.88,68.64
3623,2024-05-22,Ham,Meat,9,18.75,168.75
3623,2024-05-22,Coffee,Beverages,2,27.03,54.06
3623,2024-05-22,Pasta,Dry Products,3,5.42,16.26
3623,2024-05-22,Rice,Dry Products,9,4.22,37.98
3419,2024-05-14,Coffee,Beverages,1,30.44,30.44
3419,2024-05-14,Pasta,Dry Products,6,13.89,83.34
3257,2024-06-21,Bread,Bakery,10,28.21,282.1
3257,2024-06-21,Eggs,Dairy,5,13.52,67.6
1801,2024-02-25,Beef,Meat,10,18.36,183.6
1282,2024-02-28,Water,Beverages,6,38.13,228.78
1282,2024-02-28,Chocolate,Sweets,5,36.14,180.7
2254,2024-04-06,Pasta,Dry Products,7,15.95,111.65
2254,2024-04-06,Tea,Beverages,3,20.62,61.86
2254,2024-04-06,Apple,Fruits,1,30.73,30.73
2254,2024-04-06,Cheese,Dairy,10,20.55,205.5
2254,2024-04-06,Potatoes,Vegetables,2,11.31,22.62
9285,2024-01-26,Potatoes,Vegetables,2,34.08,68.16
9285,2024-01-26,Water,Beverages,8,23.98,191.84
8459,2024-05-19,Coffee,Beverages,4,24.0,96.0
8459,2024-05-19,Chicken,Meat,6,36.98,221.88
8459,2024-05-19,Beef,Meat,3,8.55,25.65
8459,2024-05-19,Orange Juice,Beverages,3,32.49,97.47
1200,2024-06-12,Eggs,Dairy,2,7.28,14.56
1200,2024-06-12,Rice,Dry Products,6,40.99,245.94
1200,2024-06-12,Beef,Meat,2,19.25,38.5
1200,2024-06-12,Bread,Bakery,9,21.63,194.67
1200,2024-06-12,Butter,Dairy,8,17.37,138.96
6421,2024-02-05,Apple,Fruits,2,5.13,10.26
6421,2024-02-05,Tea,Beverages,1,9.6,9.6
5632,2024-05-19,Water,Beverages,2,26.91,53.82
8265,2024-01-27,Cookies,Sweets,7,44.92,314.44
8265,2024-01-27,Rice,Dry Products,10,24.34,243.4
3540,2024-05-13,Cookies,Sweets,7,42.84,299.88
3540,2024-05-13,Tea,Beverages,5,27.5,137.5
3540,2024-05-13,Ham,Meat,2,36.08,72.16
2175,2024-06-16,Potatoes,Vegetables,9,29.19,262.71
2175,2024-06-16,Tomato,Vegetables,8,13.34,106.72
2175,2024-06-16,Banana,Fruits,5,8.36,41.8
2175,2024-06-16,Coffee,Beverages,7,20.35,142.45
2175,2024-06-16,Pasta,Dry Products,4,40.26,161.04
6862,2024-05-30,Eggs,Dairy,1,13.66,13.66
6862,2024-05-30,Pasta,Dry Products,6,40.81,244.86
6862,2024-05-30,Rice,Dry Products,5,48.11,240.55
1762,2024-01-02,Orange Juice,Beverages,1,11.76,11.76
1762,2024-01-02,Bread,Bakery,7,48.03,336.21
1762,2024-01-02,Milk,Dairy,9,46.46,418.14
1762,2024-01-02,Butter,Dairy,2,19.12,38.24
6794,2024-03-14,Pasta,Dry Products,6,47.72,286.32
2035,2024-03-20,Rice,Dry Products,10,42.35,423.5
2035,2024-03-20,Potatoes,Vegetables,9,22.9,206.1
2035,2024-03-20,Eggs,Dairy,7,30.65,214.55
4921,2024-01-13,Coffee,Beverages,6,32.54,195.24
6209,2024-01-03,Tea,Beverages,6,38.32,229.92
6209,2024-01-03,Rice,Dry Products,4,14.57,58.28
6209,2024-01-03,Banana,Fruits,9,39.99,359.91
6209,2024-01-03,Tomato,Vegetables,10,22.62,226.2
6209,2024-01-03,Water,Beverages,8,23.33,186.64
4413,2024-02-23,Potatoes,Vegetables,4,23.87,95.48
4413,2024-02-23,Bread,Bakery,5,33.24,166.2
4413,2024-02-23,Coffee,Beverages,5,21.68,108.4
4413,2024-02-23,Tea,Beverages,10,41.22,412.2
4413,2024-02-23,Apple,Fruits,3,24.39,73.17
4388,2024-01-07,Eggs,Dairy,1,24.49,24.49
4388,2024-01-07,Banana,Fruits,8,26.14,209.12
4388,2024-01-07,Water,Beverages,10,14.07,140.7
2555,2024-01-30,Orange Juice,Beverages,9,16.19,145.71
2555,2024-01-30,Coffee,Beverages,6,11.43,68.58
2555,2024-01-30,Rice,Dry Products,2,46.24,92.48
2555,2024-01-30,Milk,Dairy,2,37.79,75.58
2555,2024-01-30,Beef,Meat,8,36.43,291.44
8656,2024-02-19,Bread,Bakery,8,39.22,313.76
8656,2024-02-19,Chocolate,Sweets,6,31.11,186.66
8656,2024-02-19,Butter,Dairy,5,47.06,235.3
5231,2024-06-19,Butter,Dairy,3,20.9,62.7
5231,2024-06-19,Ham,Meat,9,42.06,378.54
5231,2024-06-19,Cheese,Dairy,5,34.34,171.7
6669,2024-01-24,Chocolate,Sweets,9,42.02,378.18
6669,2024-01-24,Pasta,Dry Products,10,47.35,473.5
6669,2024-01-24,Tomato,Vegetables,2,19.13,38.26
6669,2024-01-24,Butter,Dairy,5,32.21,161.05
2161,2024-02-26,Bread,Bakery,9,6.58,59.22
2161,2024-02-26,Milk,Dairy,10,22.21,222.1
2161,2024-02-26,Potatoes,Vegetables,3,39.67,119.01
2161,2024-02-26,Ham,Meat,4,9.93,39.72
2161,2024-02-26,Cheese,Dairy,9,33.98,305.82
4005,2024-05-23,Coffee,Beverages,4,32.5,130.0
4005,2024-05-23,Cheese,Dairy,8,42.22,337.76
1490,2024-05-04,Chicken,Meat,1,16.61,16.61
5707,2024-01-21,Milk,Dairy,1,29.53,29.53
5707,2024-01-21,Chocolate,Sweets,8,34.04,272.32
5707,2024-01-21,Tomato,Vegetables,1,11.03,11.03
3854,2024-01-29,Pasta,Dry Products,5,5.98,29.9
3854,2024-01-29,Chocolate,Sweets,10,31.65,316.5
3854,2024-01-29,Banana,Fruits,5,9.66,48.3
3854,2024-01-29,Tomato,Vegetables,10,26.93,269.3
5432,2024-03-28,Eggs,Dairy,3,40.56,121.68
5432,2024-03-28,Tomato,Vegetables,10,6.02,60.2
5432,2024-03-28,Rice,Dry Products,1,5.88,5.88
5432,2024-03-28,Bread,Bakery,5,36.23,181.15
7222,2024-01-19,Banana,Fruits,2,39.8,79.6
8404,2024-03-20,Pasta,Dry Products,2,10.51,21.02
3677,2024-02-29,Bread,Bakery,7,32.28,225.96
2343,2024-03-01,Apple,Fruits,10,20.77,207.7
2834,2024-01-20,Banana,Fruits,3,2.43,7.29
2834,2024-01-20,Rice,Dry Products,6,32.08,192.48
9942,2024-03-15,Ham,Meat,10,13.78,137.8
9942,2024-03-15,Orange Juice,Beverages,4,29.04,116.16
9942,2024-03-15,Eggs,Dairy,3,43.86,131.58
9797,2024-03-21,Potatoes,Vegetables,8,48.28,386.24
5653,2024-05-03,Ham,Meat,3,39.6,118.8
5653,2024-05-03,Bread,Bakery,3,21.49,64.47
5653,2024-05-03,Butter,Dairy,5,33.95,169.75
1411,2024-03-01,Orange Juice,Beverages,10,26.77,267.7
5953,2024-05-20,Chicken,Meat,7,29.74,208.18
5953,2024-05-20,Butter,Dairy,4,30.58,122.32
5953,2024-05-20,Bread,Bakery,6,40.32,241.92
3324,2024-05-30,Banana,Fruits,4,26.43,105.72
3324,2024-05-30,Bread,Bakery,10,20.67,206.7
5752,2024-04-26,Rice,Dry Products,6,16.67,100.02
5752,2024-04-26,Chocolate,Sweets,4,24.91,99.64
5752,2024-04-26,Milk,Dairy,5,12.2,61.0
5752,2024-04-26,Pasta,Dry Products,7,43.53,304.71
5752,2024-04-26,Orange Juice,Beverages,7,16.83,117.81
6007,2024-05-07,Ham,Meat,7,40.78,285.46
3580,2024-03-17,Water,Beverages,3,18.39,55.17
3070,2024-06-28,Beef,Meat,7,22.36,156.52
3070,2024-06-28,Banana,Fruits,4,21.22,84.88
1215,2024-01-16,Cookies,Sweets,5,9.08,45.4
4504,2024-06-04,Cheese,Dairy,6,22.38,134.28
4504,2024-06-04,Coffee,Beverages,5,14.01,70.05
9940,2024-04-19,Milk,Dairy,5,9.4,47.0
9940,2024-04-19,Ham,Meat,3,13.28,39.84
9940,2024-04-19,Coffee,Beverages,1,11.36,11.36
9940,2024-04-19,Apple,Fruits,3,8.12,24.36
5011,2024-01-07,Cheese,Dairy,10,20.32,203.2
5011,2024-01-07,Chicken,Meat,1,5.3,5.3
5011,2024-01-07,Rice,Dry Products,9,49.93,449.37
5011,2024-01-07,Butter,Dairy,10,42.16,421.6
5011,2024-01-07,Cookies,Sweets,9,49.43,444.87
9906,2024-02-20,Ham,Meat,9,39.91,359.19
9906,2024-02-20,Cookies,Sweets,4,26.03,104.12
1799,2024-04-21,Chocolate,Sweets,5,15.74,78.7
1799,2024-04-21,Milk,Dairy,1,10.11,10.11
1799,2024-04-21,Pasta,Dry Products,9,3.47,31.23
1799,2024-04-21,Bread,Bakery,5,18.27,91.35
1799,2024-04-21,Potatoes,Vegetables,7,8.89,62.23
3306,2024-06-25,Potatoes,Vegetables,2,34.88,69.76
3306,2024-06-25,Bread,Bakery,7,5.85,40.95
3306,2024-06-25,Beef,Meat,7,39.44,276.08
3306,2024-06-25,Apple,Fruits,1,33.0,33.0
3306,2024-06-25,Tea,Beverages,4,24.12,96.48
8803,2024-04-09,Chocolate,Sweets,9,7.92,71.28
8803,2024-04-09,Beef,Meat,8,6.84,54.72
8803,2024-04-09,Tomato,Vegetables,8,46.61,372.88
8803,2024-04-09,Apple,Fruits,8,11.1,88.8
8803,2024-04-09,Pasta,Dry Products,5,32.13,160.65
2785,2024-03-20,Banana,Fruits,1,25.97,25.97
2785,2024-03-20,Potatoes,Vegetables,7,33.27,232.89
2785,2024-03-20,Milk,Dairy,5,10.45,52.25
2785,2024-03-20,Cheese,Dairy,5,22.69,113.45
4447,2024-04-23,Water,Beverages,2,23.37,46.74
4447,2024-04-23,Orange Juice,Beverages,7,23.95,167.65
5820,2024-06-06,Butter,Dairy,10,43.66,436.6
2044,2024-04-17,Cookies,Sweets,1,36.81,36.81
2044,2024-04-17,Butter,Dairy,10,35.95,359.5
2044,2024-04-17,Potatoes,Vegetables,6,11.14,66.84
2044,2024-04-17,Water,Beverages,1,30.06,30.06
2044,2024-04-17,Rice,Dry Products,7,2.03,14.21
1796,2024-03-14,Water,Beverages,9,17.98,161.82
1796,2024-03-14,Banana,Fruits,3,23.37,70.11
1796,2024-03-14,Orange Juice,Beverages,7,7.92,55.44
1796,2024-03-14,Pasta,Dry Products,10,30.92,309.2
1796,2024-03-14,Potatoes,Vegetables,4,26.7,106.8
5737,2024-03-26,Bread,Bakery,10,47.73,477.3
5737,2024-03-26,Rice,Dry Products,9,18.02,162.18
5737,2024-03-26,Banana,Fruits,8,41.24,329.92
6409,2024-01-08,Rice,Dry Products,8,9.03,72.24
6409,2024-01-08,Water,Beverages,10,3.9,39.0
6644,2024-02-06,Tea,Beverages,7,34.61,242.27
6644,2024-02-06,Eggs,Dairy,3,30.78,92.34
6644,2024-02-06,Cheese,Dairy,6,48.63,291.78
6644,2024-02-06,Banana,Fruits,9,41.64,374.76
6644,2024-02-06,Beef,Meat,9,16.51,148.59
2605,2024-02-07,Pasta,Dry Products,5,9.32,46.6
2605,2024-02-07,Butter,Dairy,6,29.17,175.02
2605,2024-02-07,Tea,Beverages,8,33.55,268.4
2605,2024-02-07,Eggs,Dairy,2,37.23,74.46
5910,2024-04-19,Potatoes,Vegetables,6,23.11,138.66
5910,2024-04-19,Cookies,Sweets,3,46.7,140.1
5910,2024-04-19,Pasta,Dry Products,8,46.68,373.44
7426,2024-03-29,Banana,Fruits,7,26.49,185.43
7426,2024-03-29,Bread,Bakery,1,34.62,34.62
7426,2024-03-29,Beef,Meat,4,48.79,195.16
7426,2024-03-29,Coffee,Beverages,7,28.89,202.23
7426,2024-03-29,Chicken,Meat,8,37.1,296.8
6441,2024-01-03,Banana,Fruits,1,31.86,31.86
2243,2024-06-22,Orange Juice,Beverages,6,10.86,65.16
2243,2024-06-22,Chicken,Meat,5,35.36,176.8
2243,2024-06-22,Rice,Dry Products,3,39.84,119.52
2243,2024-06-22,Banana,Fruits,2,4.32,8.64
2243,2024-06-22,Ham,Meat,3,47.62,142.86
3559,2024-06-13,Chicken,Meat,9,16.8,151.2
2056,2024-01-29,Banana,Fruits,9,32.85,295.65
2056,2024-01-29,Apple,Fruits,5,13.52,67.6
9799,2024-06-11,Tea,Beverages,10,3.23,32.3
9799,2024-06-11,Cheese,Dairy,7,16.25,113.75
1159,2024-05-21,Rice,Dry Products,1,40.08,40.08
1159,2024-05-21,Tomato,Vegetables,4,21.46,85.84
1159,2024-05-21,Beef,Meat,2,33.14,66.28
1159,2024-05-21,Orange Juice,Beverages,7,32.53,227.71
1159,2024-05-21,Tea,Beverages,5,34.16,170.8
4458,2024-01-28,Cheese,Dairy,7,21.82,152.74
5416,2024-04-10,Apple,Fruits,8,11.13,89.04
5416,2024-04-10,Butter,Dairy,9,47.72,429.48
5416,2024-04-10,Beef,Meat,2,7.0,14.0
4871,2024-05-08,Butter,Dairy,6,43.91,263.46
4871,2024-05-08,Tea,Beverages,7,43.12,301.84
4791,2024-06-12,Coffee,Beverages,6,6.88,41.28
4791,2024-06-12,Pasta,Dry Products,7,21.95,153.65
4791,2024-06-12,Chocolate,Sweets,8,33.77,270.16
4791,2024-06-12,Ham,Meat,9,49.18,442.62
4791,2024-06-12,Banana,Fruits,4,43.33,173.32
3618,2024-03-06,Eggs,Dairy,9,48.08,432.72
3618,2024-03-06,Beef,Meat,3,48.21,144.63
3618,2024-03-06,Potatoes,Vegetables,5,22.14,110.7
3618,2024-03-06,Water,Beverages,8,43.12,344.96
3618,2024-03-06,Tea,Beverages,1,18.76,18.76
4607,2024-03-08,Cookies,Sweets,3,21.16,63.48
9142,2024-05-22,Pasta,Dry Products,2,6.76,13.52
9142,2024-05-22,Chocolate,Sweets,2,15.45,30.9
3112,2024-06-20,Banana,Fruits,2,34.27,68.54
1995,2024-03-19,Chicken,Meat,8,8.02,64.16
1995,2024-03-19,Beef,Meat,2,23.67,47.34
1995,2024-03-19,Cookies,Sweets,7,18.65,130.55
1995,2024-03-19,Cheese,Dairy,7,15.75,110.25
5521,2024-01-02,Coffee,Beverages,8,44.67,357.36
5521,2024-01-02,Pasta,Dry Products,4,46.12,184.48
5521,2024-01-02,Orange Juice,Beverages,9,16.72,150.48
5521,2024-01-02,Rice,Dry Products,2,4.11,8.22
5521,2024-01-02,Potatoes,Vegetables,1,37.87,37.87
7395,2024-06-07,Chocolate,Sweets,8,7.93,63.44
7395,2024-06-07,Coffee,Beverages,5,26.91,134.55
7395,2024-06-07,Beef,Meat,4,9.86,39.44
7395,2024-06-07,Milk,Dairy,5,7.14,35.7
7395,2024-06-07,Water,Beverages,10,4.42,44.2
7525,2024-02-18,Banana,Fruits,4,16.17,64.68
7525,2024-02-18,Chocolate,Sweets,7,20.65,144.55
7525,2024-02-18,Potatoes,Vegetables,3,42.54,127.62
7525,2024-02-18,Eggs,Dairy,3,45.37,136.11
5842,2024-02-26,Apple,Fruits,1,5.07,5.07
5842,2024-02-26,Tea,Beverages,2,18.48,36.96
5842,2024-02-26,Rice,Dry Products,4,21.67,86.68
5842,2024-02-26,Chocolate,Sweets,5,35.42,177.1
6659,2024-04-17,Tomato,Vegetables,10,16.22,162.2
9231,2024-02-22,Pasta,Dry Products,3,25.74,77.22
7220,2024-03-28,Potatoes,Vegetables,4,36.85,147.4
4758,2024-03-03,Eggs,Dairy,6,41.55,249.3
6121,2024-01-17,Apple,Fruits,7,43.63,305.41
6121,2024-01-17,Ham,Meat,6,31.22,187.32
3703,2024-03-03,Ham,Meat,1,30.4,30.4
3703,2024-03-03,Rice,Dry Products,5,2.36,11.8
3703,2024-03-03,Milk,Dairy,5,12.5,62.5
3703,2024-03-03,Bread,Bakery,6,41.2,247.2
3703,2024-03-03,Banana,Fruits,3,5.41,16.23
1515,2024-03-27,Tomato,Vegetables,4,29.88,119.52
1515,2024-03-27,Eggs,Dairy,9,41.5,373.5
1515,2024-03-27,Cookies,Sweets,8,15.46,123.68
1515,2024-03-27,Pasta,Dry Products,2,45.5,91.0
1515,2024-03-27,Coffee,Beverages,1,36.09,36.09
7387,2024-04-05,Banana,Fruits,9,33.88,304.92
9656,2024-04-07,Banana,Fruits,4,7.44,29.76
9656,2024-04-07,Chicken,Meat,4,29.56,118.24
9656,2024-04-07,Cookies,Sweets,3,11.05,33.15
9656,2024-04-07,Coffee,Beverages,9,34.11,306.99
9656,2024-04-07,Tomato,Vegetables,10,23.94,239.4
1441,2024-05-10,Bread,Bakery,3,22.44,67.32
1441,2024-05-10,Tea,Beverages,4,4.92,19.68
1441,2024-05-10,Apple,Fruits,5,27.87,139.35
1441,2024-05-10,Chocolate,Sweets,2,22.88,45.76
9163,2024-05-08,Potatoes,Vegetables,6,34.6,207.6
9163,2024-05-08,Ham,Meat,5,37.82,189.1
9163,2024-05-08,Coffee,Beverages,6,42.84,257.04
9163,2024-05-08,Pasta,Dry Products,2,34.57,69.14
9163,2024-05-08,Chicken,Meat,10,17.33,173.3
4483,2024-05-05,Chicken,Meat,1,14.72,14.72
4483,2024-05-05,Coffee,Beverages,2,27.64,55.28
4483,2024-05-05,Ham,Meat,8,21.63,173.04
4483,2024-05-05,Rice,Dry Products,3,20.67,62.01
6306,2024-04-19,Eggs,Dairy,5,10.69,53.45
9808,2024-06-16,Cookies,Sweets,2,22.19,44.38
9808,2024-06-16,Bread,Bakery,2,27.35,54.7
7199,2024-03-02,Potatoes,Vegetables,10,6.19,61.9
3878,2024-04-14,Chicken,Meat,8,18.36,146.88
5781,2024-04-21,Beef,Meat,9,11.51,103.59
5781,2024-04-21,Rice,Dry Products,9,2.14,19.26
5781,2024-04-21,Potatoes,Vegetables,6,34.3,205.8
7475,2024-01-17,Water,Beverages,8,9.04,72.32
7475,2024-01-17,Chicken,Meat,10,37.11,371.1
7475,2024-01-17,Banana,Fruits,8,25.2,201.6
2413,2024-03-20,Eggs,Dairy,5,38.43,192.15
2413,2024-03-20,Coffee,Beverages,5,7.89,39.45
2413,2024-03-20,Pasta,Dry Products,1,24.73,24.73
2413,2024-03-20,Rice,Dry Products,10,48.68,486.8
5783,2024-02-20,Apple,Fruits,10,46.67,466.7
5783,2024-02-20,Cheese,Dairy,4,5.69,22.76
5783,2024-02-20,Milk,Dairy,2,45.23,90.46
5783,2024-02-20,Water,Beverages,9,20.7,186.3
5783,2024-02-20,Chocolate,Sweets,4,35.44,141.76
3156,2024-03-27,Milk,Dairy,9,44.15,397.35
3156,2024-03-27,Potatoes,Vegetables,4,37.66,150.64
8538,2024-05-27,Tea,Beverages,6,45.45,272.7
8538,2024-05-27,Ham,Meat,10,26.63,266.3
4763,2024-02-02,Pasta,Dry Products,10,15.69,156.9
4763,2024-02-02,Orange Juice,Beverages,5,45.61,228.05
4763,2024-02-02,Beef,Meat,8,2.37,18.96
4763,2024-02-02,Coffee,Beverages,5,30.88,154.4
7728,2024-04-07,Coffee,Beverages,4,44.36,177.44
7728,2024-04-07,Cookies,Sweets,7,47.36,331.52
7728,2024-04-07,Banana,Fruits,2,43.58,87.16
7728,2024-04-07,Eggs,Dairy,7,46.36,324.52
3499,2024-06-20,Cheese,Dairy,10,42.63,426.3
3499,2024-06-20,Chocolate,Sweets,1,6.7,6.7
3499,2024-06-20,Pasta,Dry Products,1,40.0,40.0
3499,2024-06-20,Banana,Fruits,9,43.68,393.12
2839,2024-03-05,Chocolate,Sweets,1,13.92,13.92
9518,2024-03-05,Tea,Beverages,4,10.54,42.16
9518,2024-03-05,Pasta,Dry Products,3,38.2,114.6
5532,2024-06-03,Tea,Beverages,7,18.2,127.4
5532,2024-06-03,Ham,Meat,7,4.32,30.24
5532,2024-06-03,Chicken,Meat,3,6.32,18.96
6884,2024-04-02,Coffee,Beverages,2,11.94,23.88
6884,2024-04-02,Cheese,Dairy,8,8.95,71.6
6884,2024-04-02,Cookies,Sweets,1,30.42,30.42
6884,2024-04-02,Milk,Dairy,6,3.2,19.2
6096,2024-03-12,Rice,Dry Products,2,5.77,11.54
6096,2024-03-12,Butter,Dairy,9,32.97,296.73
6096,2024-03-12,Chocolate,Sweets,7,13.95,97.65
4697,2024-01-04,Beef,Meat,5,10.87,54.35
4697,2024-01-04,Pasta,Dry Products,10,17.84,178.4
6081,2024-06-02,Potatoes,Vegetables,5,23.88,119.4
6081,2024-06-02,Orange Juice,Beverages,5,12.16,60.8
6081,2024-06-02,Tea,Beverages,4,17.18,68.72
6081,2024-06-02,Beef,Meat,7,49.36,345.52
1498,2024-04-27,Eggs,Dairy,1,44.65,44.65
1498,2024-04-27,Milk,Dairy,5,9.86,49.3
1498,2024-04-27,Potatoes,Vegetables,1,49.28,49.28
1498,2024-04-27,Apple,Fruits,3,22.97,68.91
1498,2024-04-27,Rice,Dry Products,4,35.55,142.2
1924,2024-02-28,Ham,Meat,6,33.22,199.32
1924,2024-02-28,Bread,Bakery,5,42.28,211.4
6801,2024-05-19,Milk,Dairy,10,37.18,371.8
6801,2024-05-19,Apple,Fruits,9,48.77,438.93
2981,2024-02-09,Water,Beverages,4,27.09,108.36
2981,2024-02-09,Eggs,Dairy,2,18.24,36.48
8943,2024-03-06,Rice,Dry Products,6,8.93,53.58
8943,2024-03-06,Cookies,Sweets,3,9.15,27.45
8943,2024-03-06,Potatoes,Vegetables,5,30.65,153.25
8943,2024-03-06,Banana,Fruits,8,49.12,392.96
1926,2024-02-09,Eggs,Dairy,1,41.54,41.54
1233,2024-02-12,Cookies,Sweets,4,10.79,43.16
1233,2024-02-12,Tea,Beverages,1,49.62,49.62
1233,2024-02-12,Water,Beverages,1,44.15,44.15
1046,2024-05-17,Butter,Dairy,10,40.17,401.7
1046,2024-05-17,Apple,Fruits,9,14.11,126.99
1046,2024-05-17,Cookies,Sweets,9,31.99,287.91
1046,2024-05-17,Bread,Bakery,5,35.49,177.45
1046,2024-05-17,Chocolate,Sweets,2,4.03,8.06
6804,2024-03-03,Potatoes,Vegetables,10,9.83,98.3
6804,2024-03-03,Orange Juice,Beverages,5,3.43,17.15
6804,2024-03-03,Rice,Dry Products,2,39.4,78.8
6804,2024-03-03,Pasta,Dry Products,10,29.99,299.9
8751,2024-04-01,Bread,Bakery,2,3.56,7.12
8751,2024-04-01,Banana,Fruits,7,15.62,109.34
1981,2024-05-27,Apple,Fruits,2,48.32,96.64
1981,2024-05-27,Cookies,Sweets,2,19.15,38.3
1981,2024-05-27,Chocolate,Sweets,3,5.65,16.95
1981,2024-05-27,Bread,Bakery,2,26.67,53.34
4749,2024-05-13,Cookies,Sweets,1,49.5,49.5
6958,2024-03-17,Cheese,Dairy,10,7.81,78.1
6958,2024-03-17,Cookies,Sweets,5,24.85,124.25
6958,2024-03-17,Butter,Dairy,4,35.0,140.0
6958,2024-03-17,Rice,Dry Products,9,48.08,432.72
3348,2024-05-21,Milk,Dairy,10,46.22,462.2
3348,2024-05-21,Rice,Dry Products,6,2.77,16.62
3348,2024-05-21,Chocolate,Sweets,8,29.13,233.04
3348,2024-05-21,Apple,Fruits,7,24.2,169.4
3953,2024-06-23,Chocolate,Sweets,5,46.13,230.65
1101,2024-03-19,Potatoes,Vegetables,4,2.04,8.16
1101,2024-03-19,Chicken,Meat,1,12.83,12.83
1649,2024-01-02,Bread,Bakery,5,24.43,122.15
1649,2024-01-02,Eggs,Dairy,5,33.37,166.85
1649,2024-01-02,Tomato,Vegetables,6,16.71,100.26
3947,2024-05-01,Butter,Dairy,7,20.13,140.91
3947,2024-05-01,Chicken,Meat,6,2.56,15.36
6676,2024-02-24,Bread,Bakery,4,47.69,190.76
6676,2024-02-24,Rice,Dry Products,7,21.16,148.12
6676,2024-02-24,Orange Juice,Beverages,7,4.25,29.75
6676,2024-02-24,Ham,Meat,7,4.05,28.35
6676,2024-02-24,Eggs,Dairy,2,30.17,60.34
7445,2024-01-07,Coffee,Beverages,7,12.15,85.05
7445,2024-01-07,Water,Beverages,1,20.62,20.62
7445,2024-01-07,Ham,Meat,4,14.91,59.64
2890,2024-04-04,Milk,Dairy,6,41.45,248.7
2890,2024-04-04,Butter,Dairy,1,46.1,46.1
2634,2024-03-14,Milk,Dairy,4,11.0,44.0
2634,2024-03-14,Water,Beverages,8,4.79,38.32
4182,2024-06-14,Apple,Fruits,9,25.71,231.39
1832,2024-03-04,Eggs,Dairy,2,13.97,27.94
1259,2024-02-04,Chicken,Meat,9,6.73,60.57
1259,2024-02-04,Bread,Bakery,4,10.79,43.16
1259,2024-02-04,Apple,Fruits,2,44.26,88.52
8935,2024-06-04,Pasta,Dry Products,9,13.24,119.16
8935,2024-06-04,Tomato,Vegetables,1,11.45,11.45
8935,2024-06-04,Beef,Meat,10,40.67,406.7
8935,2024-06-04,Rice,Dry Products,3,27.37,82.11
8419,2024-03-24,Eggs,Dairy,5,14.38,71.9
8419,2024-03-24,Water,Beverages,1,3.8,3.8
8419,2024-03-24,Beef,Meat,5,20.98,104.9
6695,2024-04-16,Banana,Fruits,7,3.93,27.51
6695,2024-04-16,Cheese,Dairy,10,14.58,145.8
6695,2024-04-16,Beef,Meat,1,38.86,38.86
3367,2024-05-13,Apple,Fruits,3,31.18,93.54
8622,2024-03-28,Bread,Bakery,8,33.11,264.88
8622,2024-03-28,Banana,Fruits,7,37.08,259.56
8622,2024-03-28,Potatoes,Vegetables,1,15.67,15.67
8622,2024-03-28,Apple,Fruits,10,7.44,74.4
8622,2024-03-28,Eggs,Dairy,5,19.89,99.45
8457,2024-05-27,Rice,Dry Products,7,41.49,290.43
8433,2024-06-10,Tea,Beverages,8,29.52,236.16
8433,2024-06-10,Cookies,Sweets,3,43.52,130.56
8433,2024-06-10,Banana,Fruits,3,26.98,80.94
8433,2024-06-10,Chicken,Meat,9,33.62,302.58
8433,2024-06-10,Butter,Dairy,5,34.01,170.05
2548,2024-01-07,Milk,Dairy,3,44.12,132.36
2548,2024-01-07,Tomato,Vegetables,10,6.29,62.9
6289,2024-05-30,Coffee,Beverages,9,15.02,135.18
6289,2024-05-30,Rice,Dry Products,1,4.43,4.43
6289,2024-05-30,Eggs,Dairy,5,38.92,194.6
1734,2024-03-12,Beef,Meat,1,47.08,47.08
1734,2024-03-12,Orange Juice,Beverages,7,9.74,68.18
1734,2024-03-12,Eggs,Dairy,1,5.2,5.2
1734,2024-03-12,Ham,Meat,3,42.78,128.34
1734,2024-03-12,Milk,Dairy,4,23.11,92.44
7599,2024-05-11,Banana,Fruits,5,47.54,237.7
7599,2024-05-11,Eggs,Dairy,7,45.9,321.3
7599,2024-05-11,Ham,Meat,5,38.37,191.85
9432,2024-06-03,Beef,Meat,10,3.03,30.3
3137,2024-03-27,Cookies,Sweets,5,18.94,94.7
3137,2024-03-27,Butter,Dairy,3,49.87,149.61
3137,2024-03-27,Chocolate,Sweets,2,46.06,92.12
3137,2024-03-27,Cheese,Dairy,5,18.46,92.3
3137,2024-03-27,Rice,Dry Products,2,37.28,74.56
1317,2024-06-15,Chicken,Meat,7,46.5,325.5
1317,2024-06-15,Beef,Meat,2,24.07,48.14
1317,2024-06-15,Bread,Bakery,7,27.39,191.73
2177,2024-01-07,Milk,Dairy,8,3.97,31.76
2177,2024-01-07,Chocolate,Sweets,6,20.18,121.08
2177,2024-01-07,Ham,Meat,1,24.22,24.22
2177,2024-01-07,Chicken,Meat,5,21.14,105.7
4222,2024-03-21,Beef,Meat,4,8.34,33.36
4222,2024-03-21,Potatoes,Vegetables,6,37.21,223.26
4222,2024-03-21,Rice,Dry Products,4,48.11,192.44
4222,2024-03-21,Water,Beverages,1,31.94,31.94
4222,2024-03-21,Eggs,Dairy,4,21.59,86.36
1210,2024-04-15,Milk,Dairy,4,38.31,153.24
3069,2024-01-03,Rice,Dry Products,7,23.87,167.09
3069,2024-01-03,Butter,Dairy,5,43.5,217.5
3069,2024-01-03,Cheese,Dairy,10,38.73,387.3
3069,2024-01-03,Coffee,Beverages,5,29.25,146.25
3617,2024-02-01,Cookies,Sweets,7,35.84,250.88
3617,2024-02-01,Butter,Dairy,8,27.82,222.56
3617,2024-02-01,Water,Beverages,7,20.37,142.59
3617,2024-02-01,Chicken,Meat,5,42.11,210.55
3617,2024-02-01,Potatoes,Vegetables,3,12.69,38.07
9601,2024-04-14,Apple,Fruits,9,34.84,313.56
9601,2024-04-14,Chocolate,Sweets,7,9.07,63.49
9601,2024-04-14,Orange Juice,Beverages,7,30.37,212.59
9601,2024-04-14,Banana,Fruits,9,6.33,56.97
8998,2024-06-29,Bread,Bakery,3,29.05,87.15
2912,2024-04-14,Tea,Beverages,10,31.44,314.4
2912,2024-04-14,Bread,Bakery,6,32.21,193.26
2912,2024-04-14,Potatoes,Vegetables,7,38.49,269.43
9742,2024-01-05,Tomato,Vegetables,1,9.7,9.7
9742,2024-01-05,Pasta,Dry Products,8,44.86,358.88
9742,2024-01-05,Coffee,Beverages,9,32.97,296.73
9742,2024-01-05,Tea,Beverages,8,15.26,122.08
3143,2024-01-29,Water,Beverages,3,29.45,88.35
3143,2024-01-29,Apple,Fruits,10,41.32,413.2
3143,2024-01-29,Tomato,Vegetables,4,44.91,179.64
3143,2024-01-29,Banana,Fruits,1,25.82,25.82
3143,2024-01-29,Bread,Bakery,6,29.39,176.34
8461,2024-06-10,Ham,Meat,5,30.56,152.8
6485,2024-04-17,Tomato,Vegetables,7,16.65,116.55
6485,2024-04-17,Cookies,Sweets,6,33.41,200.46
6485,2024-04-17,Cheese,Dairy,1,5.33,5.33
6485,2024-04-17,Apple,Fruits,6,23.9,143.4
6485,2024-04-17,Milk,Dairy,7,6.18,43.26
6914,2024-04-11,Apple,Fruits,3,22.85,68.55
6914,2024-04-11,Cookies,Sweets,7,19.91,139.37
8849,2024-06-07,Cookies,Sweets,3,18.06,54.18
8849,2024-06-07,Eggs,Dairy,9,42.67,384.03
8849,2024-06-07,Bread,Bakery,6,24.51,147.06
8849,2024-06-07,Butter,Dairy,5,15.03,75.15
7426,2024-05-03,Ham,Meat,3,36.8,110.4
5336,2024-05-23,Bread,Bakery,7,39.84,278.88
8999,2024-01-31,Tomato,Vegetables,7,38.95,272.65
8999,2024-01-31,Tea,Beverages,3,9.85,29.55
8999,2024-01-31,Eggs,Dairy,3,49.12,147.36
8999,2024-01-31,Cheese,Dairy,4,41.98,167.92
8999,2024-01-31,Chocolate,Sweets,6,36.42,218.52
6819,2024-05-25,Eggs,Dairy,10,6.75,67.5
6819,2024-05-25,Tea,Beverages,8,48.85,390.8
6819,2024-05-25,Potatoes,Vegetables,6,35.09,210.54
6819,2024-05-25,Ham,Meat,2,6.9,13.8
7265,2024-02-06,Rice,Dry Products,7,37.92,265.44
7265,2024-02-06,Apple,Fruits,9,12.18,109.62
7265,2024-02-06,Orange Juice,Beverages,8,23.37,186.96
8003,2024-01-28,Tea,Beverages,2,31.86,63.72
6478,2024-03-19,Apple,Fruits,7,3.98,27.86
6478,2024-03-19,Potatoes,Vegetables,5,35.21,176.05
6478,2024-03-19,Coffee,Beverages,4,33.73,134.92
9894,2024-06-22,Rice,Dry Products,10,34.9,349.0
9894,2024-06-22,Banana,Fruits,2,27.9,55.8
8784,2024-01-21,Bread,Bakery,9,3.68,33.12
3250,2024-03-19,Beef,Meat,9,4.82,43.38
3250,2024-03-19,Butter,Dairy,9,15.0,135.0
3250,2024-03-19,Potatoes,Vegetables,7,18.33,128.31
3250,2024-03-19,Tomato,Vegetables,4,18.24,72.96
3250,2024-03-19,Eggs,Dairy,4,42.28,169.12
2703,2024-05-15,Tomato,Vegetables,1,45.41,45.41
2703,2024-05-15,Apple,Fruits,2,20.24,40.48
2703,2024-05-15,Banana,Fruits,8,12.18,97.44
2703,2024-05-15,Chicken,Meat,6,13.85,83.1
1505,2024-01-24,Beef,Meat,10,43.56,435.6
8886,2024-04-11,Apple,Fruits,3,10.68,32.04
8886,2024-04-11,Rice,Dry Products,10,24.39,243.9
8886,2024-04-11,Tea,Beverages,9,6.9,62.1
8886,2024-04-11,Bread,Bakery,4,30.71,122.84
8886,2024-04-11,Tomato,Vegetables,8,46.59,372.72
5837,2024-02-22,Apple,Fruits,7,30.57,213.99
5837,2024-02-22,Cookies,Sweets,3,16.04,48.12
5837,2024-02-22,Beef,Meat,1,49.13,49.13
5837,2024-02-22,Cheese,Dairy,7,47.44,332.08
8282,2024-03-10,Tea,Beverages,3,4.08,12.24
8282,2024-03-10,Potatoes,Vegetables,2,32.64,65.28
8282,2024-03-10,Ham,Meat,8,22.94,183.52
1124,2024-06-01,Butter,Dairy,9,31.59,284.31
1124,2024-06-01,Rice,Dry Products,9,37.63,338.67
1124,2024-06-01,Cookies,Sweets,4,39.49,157.96
6951,2024-04-20,Butter,Dairy,6,26.73,160.38
6951,2024-04-20,Apple,Fruits,7,27.29,191.03
9770,2024-05-05,Coffee,Beverages,2,23.93,47.86
9770,2024-05-05,Apple,Fruits,7,16.99,118.93
9770,2024-05-05,Cookies,Sweets,6,41.59,249.54
9770,2024-05-05,Bread,Bakery,7,24.71,172.97
7557,2024-04-26,Eggs,Dairy,6,3.91,23.46
7557,2024-04-26,Cookies,Sweets,2,5.17,10.34
7557,2024-04-26,Milk,Dairy,10,36.83,368.3
5877,2024-02-26,Bread,Bakery,3,15.41,46.23
5877,2024-02-26,Butter,Dairy,3,22.44,67.32
6014,2024-01-27,Bread,Bakery,3,11.31,33.93
6014,2024-01-27,Apple,Fruits,2,43.6,87.2
6014,2024-01-27,Banana,Fruits,4,21.46,85.84
6014,2024-01-27,Cheese,Dairy,5,37.47,187.35
2126,2024-03-14,Butter,Dairy,5,7.7,38.5
2126,2024-03-14,Orange Juice,Beverages,1,24.44,24.44
2126,2024-03-14,Water,Beverages,10,40.49,404.9
2126,2024-03-14,Cookies,Sweets,9,24.39,219.51
2126,2024-03-14,Potatoes,Vegetables,4,41.96,167.84
8876,2024-01-30,Tomato,Vegetables,3,20.79,62.37
8876,2024-01-30,Banana,Fruits,7,29.17,204.19
8876,2024-01-30,Bread,Bakery,9,3.32,29.88
6700,2024-02-12,Water,Beverages,1,43.55,43.55
6700,2024-02-12,Potatoes,Vegetables,5,8.03,40.15
6679,2024-06-22,Cheese,Dairy,2,20.99,41.98
6679,2024-06-22,Milk,Dairy,8,25.31,202.48
6679,2024-06-22,Bread,Bakery,10,36.55,365.5
3337,2024-01-14,Bread,Bakery,10,20.16,201.6
3337,2024-01-14,Tea,Beverages,1,34.3,34.3
3337,2024-01-14,Ham,Meat,8,8.88,71.04
3337,2024-01-14,Apple,Fruits,5,11.12,55.6
4888,2024-01-16,Ham,Meat,3,27.92,83.76
4888,2024-01-16,Cookies,Sweets,2,11.89,23.78
4888,2024-01-16,Chicken,Meat,4,26.6,106.4
4888,2024-01-16,Pasta,Dry Products,1,4.65,4.65
8175,2024-02-05,Chicken,Meat,2,7.27,14.54
8175,2024-02-05,Butter,Dairy,9,26.03,234.27
8175,2024-02-05,Orange Juice,Beverages,2,40.38,80.76
8175,2024-02-05,Apple,Fruits,10,5.26,52.6
8175,2024-02-05,Eggs,Dairy,9,38.18,343.62
4261,2024-05-16,Ham,Meat,1,30.5,30.5
4261,2024-05-16,Cheese,Dairy,1,17.77,17.77
4261,2024-05-16,Orange Juice,Beverages,6,31.19,187.14
1972,2024-02-13,Chicken,Meat,1,20.81,20.81
1972,2024-02-13,Pasta,Dry Products,5,6.73,33.65
1972,2024-02-13,Banana,Fruits,4,22.51,90.04
1972,2024-02-13,Ham,Meat,3,11.55,34.65
1972,2024-02-13,Butter,Dairy,9,45.9,413.1
5902,2024-06-15,Cookies,Sweets,5,47.2,236.0
5902,2024-06-15,Apple,Fruits,7,12.44,87.08
7395,2024-01-27,Butter,Dairy,1,4.57,4.57
7395,2024-01-27,Beef,Meat,4,15.95,63.8
7395,2024-01-27,Pasta,Dry Products,2,36.86,73.72
7395,2024-01-27,Potatoes,Vegetables,5,45.23,226.15
4308,2024-03-06,Tea,Beverages,8,24.49,195.92
4308,2024-03-06,Milk,Dairy,6,40.99,245.94
4308,2024-03-06,Coffee,Beverages,1,29.71,29.71
9578,2024-06-26,Chocolate,Sweets,8,6.1,48.8
4296,2024-06-26,Water,Beverages,8,32.17,257.36
4296,2024-06-26,Cheese,Dairy,3,28.01,84.03
4296,2024-06-26,Butter,Dairy,6,13.78,82.68
8131,2024-01-24,Bread,Bakery,6,18.59,111.54
8131,2024-01-24,Tea,Beverages,3,25.84,77.52
8131,2024-01-24,Orange Juice,Beverages,7,15.91,111.37
8131,2024-01-24,Banana,Fruits,10,37.94,379.4
8131,2024-01-24,Pasta,Dry Products,1,12.44,12.44
8998,2024-06-13,Bread,Bakery,4,7.23,28.92
8998,2024-06-13,Orange Juice,Beverages,7,43.05,301.35
8998,2024-06-13,Cheese,Dairy,3,34.01,102.03
3976,2024-02-23,Coffee,Beverages,4,2.52,10.08
6373,2024-06-12,Chocolate,Sweets,8,12.55,100.4
6373,2024-06-12,Banana,Fruits,3,30.01,90.03
6373,2024-06-12,Tomato,Vegetables,1,15.6,15.6
6373,2024-06-12,Apple,Fruits,4,46.51,186.04
6373,2024-06-12,Butter,Dairy,9,34.44,309.96
1838,2024-04-08,Butter,Dairy,2,11.81,23.62
1838,2024-04-08,Chocolate,Sweets,2,36.35,72.7
1838,2024-04-08,Tea,Beverages,3,25.08,75.24
1838,2024-04-08,Eggs,Dairy,8,33.0,264.0
1838,2024-04-08,Rice,Dry Products,2,27.08,54.16
2486,2024-02-29,Tea,Beverages,4,29.22,116.88
9979,2024-01-28,Pasta,Dry Products,4,3.82,15.28
3221,2024-04-09,Tea,Beverages,5,40.81,204.05
7641,2024-01-06,Coffee,Beverages,10,43.96,439.6
7641,2024-01-06,Apple,Fruits,7,4.0,28.0
7641,2024-01-06,Orange Juice,Beverages,5,47.54,237.7
3052,2024-03-12,Eggs,Dairy,2,11.08,22.16
5108,2024-03-30,Tea,Beverages,10,8.63,86.3
5108,2024-03-30,Chicken,Meat,5,34.85,174.25
9755,2024-02-15,Tomato,Vegetables,9,20.18,181.62
9755,2024-02-15,Eggs,Dairy,4,40.46,161.84
2624,2024-04-04,Cookies,Sweets,9,18.19,163.71
1168,2024-06-08,Chicken,Meat,8,33.81,270.48
1168,2024-06-08,Orange Juice,Beverages,6,36.18,217.08
1822,2024-01-08,Water,Beverages,7,48.02,336.14
1822,2024-01-08,Cheese,Dairy,10,43.9,439.0
1822,2024-01-08,Ham,Meat,9,3.97,35.73
1822,2024-01-08,Apple,Fruits,1,43.73,43.73
4648,2024-01-23,Chicken,Meat,3,12.15,36.45
4648,2024-01-23,Ham,Meat,8,45.05,360.4
7964,2024-03-12,Potatoes,Vegetables,7,4.29,30.03
7964,2024-03-12,Rice,Dry Products,9,36.44,327.96
7964,2024-03-12,Orange Juice,Beverages,9,39.01,351.09
7964,2024-03-12,Milk,Dairy,2,21.17,42.34
6713,2024-03-14,Tomato,Vegetables,10,19.45,194.5
6713,2024-03-14,Orange Juice,Beverages,8,19.9,159.2
4431,2024-06-03,Rice,Dry Products,1,26.53,26.53
5608,2024-06-06,Coffee,Beverages,4,37.26,149.04
5608,2024-06-06,Cheese,Dairy,10,31.82,318.2
5608,2024-06-06,Tomato,Vegetables,10,25.52,255.2
5608,2024-06-06,Banana,Fruits,2,18.23,36.46
5608,2024-06-06,Chicken,Meat,5,38.39,191.95
4049,2024-01-02,Bread,Bakery,4,14.92,59.68
4049,2024-01-02,Beef,Meat,4,23.62,94.48
4049,2024-01-02,Butter,Dairy,2,20.87,41.74
4049,2024-01-02,Milk,Dairy,9,2.58,23.22
3582,2024-03-20,Cookies,Sweets,5,46.6,233.0
3582,2024-03-20,Water,Beverages,3,29.0,87.0
9857,2024-02-28,Pasta,Dry Products,5,7.3,36.5
9857,2024-02-28,Water,Beverages,1,49.39,49.39
9857,2024-02-28,Coffee,Beverages,8,12.1,96.8
9857,2024-02-28,Beef,Meat,9,44.45,400.05
4664,2024-02-27,Tomato,Vegetables,4,48.55,194.2
4664,2024-02-27,Rice,Dry Products,3,29.03,87.09
4664,2024-02-27,Cookies,Sweets,10,39.15,391.5
7903,2024-05-21,Ham,Meat,1,14.34,14.34
7903,2024-05-21,Banana,Fruits,7,26.31,184.17
7903,2024-05-21,Tomato,Vegetables,1,8.77,8.77
5177,2024-06-18,Chicken,Meat,4,9.01,36.04
5177,2024-06-18,Tea,Beverages,1,44.47,44.47
4557,2024-05-02,Water,Beverages,10,28.09,280.9
3356,2024-02-09,Banana,Fruits,8,13.85,110.8
3356,2024-02-09,Water,Beverages,3,40.94,122.82
3356,2024-02-09,Ham,Meat,1,28.78,28.78
9072,2024-06-29,Coffee,Beverages,7,10.02,70.14
9072,2024-06-29,Butter,Dairy,4,46.61,186.44
9072,2024-06-29,Cookies,Sweets,3,33.61,100.83
4980,2024-04-14,Orange Juice,Beverages,10,35.24,352.4
5233,2024-06-26,Apple,Fruits,5,25.68,128.4
4227,2024-02-25,Coffee,Beverages,4,26.38,105.52
4227,2024-02-25,Cheese,Dairy,8,14.82,118.56
4227,2024-02-25,Ham,Meat,5,17.29,86.45
3735,2024-02-22,Coffee,Beverages,8,27.43,219.44
3735,2024-02-22,Rice,Dry Products,8,12.64,101.12
3735,2024-02-22,Potatoes,Vegetables,1,47.98,47.98
3735,2024-02-22,Apple,Fruits,9,18.42,165.78
6841,2024-02-19,Chocolate,Sweets,6,28.23,169.38
6841,2024-02-19,Potatoes,Vegetables,10,25.94,259.4
6841,2024-02-19,Beef,Meat,4,39.13,156.52
6841,2024-02-19,Coffee,Beverages,9,20.99,188.91
6841,2024-02-19,Bread,Bakery,2,13.35,26.7
1254,2024-02-23,Chocolate,Sweets,3,9.45,28.35
1254,2024-02-23,Water,Beverages,6,37.32,223.92
6794,2024-02-29,Coffee,Beverages,10,8.85,88.5
6794,2024-02-29,Orange Juice,Beverages,3,26.0,78.0
2830,2024-05-22,Banana,Fruits,1,5.07,5.07
2830,2024-05-22,Pasta,Dry Products,5,30.14,150.7
2830,2024-05-22,Water,Beverages,4,48.0,192.0
2830,2024-05-22,Orange Juice,Beverages,7,46.53,325.71
2830,2024-05-22,Cheese,Dairy,6,31.11,186.66
5044,2024-03-12,Potatoes,Vegetables,3,42.19,126.57
7481,2024-04-02,Milk,Dairy,1,10.68,10.68
8391,2024-01-10,Eggs,Dairy,2,48.87,97.74
8391,2024-01-10,Ham,Meat,9,16.01,144.09
8391,2024-01-10,Orange Juice,Beverages,7,9.99,69.93
8391,2024-01-10,Chicken,Meat,1,9.93,9.93
1240,2024-06-29,Orange Juice,Beverages,10,29.7,297.0
1240,2024-06-29,Beef,Meat,5,8.19,40.95
1240,2024-06-29,Eggs,Dairy,1,7.38,7.38
1240,2024-06-29,Apple,Fruits,4,25.58,102.32
1240,2024-06-29,Tomato,Vegetables,8,7.1,56.8
6800,2024-06-18,Cheese,Dairy,8,29.26,234.08
6800,2024-06-18,Chocolate,Sweets,3,15.41,46.23
9931,2024-06-22,Coffee,Beverages,9,6.98,62.82
3324,2024-02-08,Apple,Fruits,10,25.45,254.5
5244,2024-03-02,Water,Beverages,2,22.5,45.0
5244,2024-03-02,Butter,Dairy,6,37.1,222.6
5244,2024-03-02,Beef,Meat,6,25.3,151.8
5244,2024-03-02,Banana,Fruits,5,39.5,197.5
5244,2024-03-02,Potatoes,Vegetables,4,40.62,162.48
2572,2024-02-27,Cookies,Sweets,9,47.91,431.19
2572,2024-02-27,Bread,Bakery,7,29.14,203.98
2572,2024-02-27,Coffee,Beverages,1,17.45,17.45
5738,2024-06-12,Chicken,Meat,4,10.2,40.8
8000,2024-02-29,Banana,Fruits,5,9.95,49.75
8000,2024-02-29,Apple,Fruits,3,45.52,136.56
8000,2024-02-29,Tomato,Vegetables,7,31.61,221.27
8000,2024-02-29,Rice,Dry Products,6,37.25,223.5
8000,2024-02-29,Potatoes,Vegetables,3,23.93,71.79
3032,2024-05-26,Ham,Meat,7,3.19,22.33
3032,2024-05-26,Butter,Dairy,7,48.54,339.78
1759,2024-01-28,Apple,Fruits,4,45.04,180.16
1759,2024-01-28,Beef,Meat,9,28.92,260.28
1759,2024-01-28,Butter,Dairy,10,7.16,71.6
2234,2024-01-06,Rice,Dry Products,2,39.98,79.96
2234,2024-01-06,Pasta,Dry Products,2,3.6,7.2
2234,2024-01-06,Cookies,Sweets,7,47.31,331.17
2234,2024-01-06,Banana,Fruits,3,2.69,8.07
2234,2024-01-06,Cheese,Dairy,2,47.49,94.98
1292,2024-06-11,Milk,Dairy,10,42.95,429.5
1292,2024-06-11,Cheese,Dairy,2,26.11,52.22
1292,2024-06-11,Chicken,Meat,7,7.2,50.4
1292,2024-06-11,Ham,Meat,9,38.99,350.91
7620,2024-03-05,Butter,Dairy,4,11.17,44.68
7620,2024-03-05,Chocolate,Sweets,9,42.83,385.47
8167,2024-03-25,Banana,Fruits,3,27.92,83.76
8167,2024-03-25,Eggs,Dairy,6,23.69,142.14
4972,2024-05-12,Ham,Meat,6,3.48,20.88
4972,2024-05-12,Cheese,Dairy,4,42.18,168.72
4972,2024-05-12,Rice,Dry Products,4,8.34,33.36
4972,2024-05-12,Tomato,Vegetables,8,32.73,261.84
8544,2024-02-07,Rice,Dry Products,6,39.44,236.64
8544,2024-02-07,Apple,Fruits,3,11.03,33.09
8544,2024-02-07,Tea,Beverages,8,48.16,385.28
8515,2024-03-27,Water,Beverages,10,11.09,110.9
2032,2024-02-19,Potatoes,Vegetables,5,13.16,65.8
2032,2024-02-19,Pasta,Dry Products,1,13.7,13.7
2032,2024-02-19,Chocolate,Sweets,5,26.53,132.65
3380,2024-03-17,Potatoes,Vegetables,3,23.72,71.16
6224,2024-01-19,Water,Beverages,8,20.07,160.56
6224,2024-01-19,Ham,Meat,10,49.7,497.0
6224,2024-01-19,Pasta,Dry Products,3,40.83,122.49
6224,2024-01-19,Potatoes,Vegetables,3,19.26,57.78
9637,2024-05-26,Cookies,Sweets,8,33.23,265.84
9637,2024-05-26,Eggs,Dairy,4,27.59,110.36
9637,2024-05-26,Cheese,Dairy,9,40.25,362.25
9637,2024-05-26,Ham,Meat,7,42.99,300.93
9637,2024-05-26,Butter,Dairy,9,25.98,233.82
9624,2024-04-24,Potatoes,Vegetables,4,20.08,80.32
9624,2024-04-24,Cookies,Sweets,9,23.29,209.61
9624,2024-04-24,Beef,Meat,10,35.55,355.5
9624,2024-04-24,Ham,Meat,4,13.6,54.4
5062,2024-02-11,Potatoes,Vegetables,10,45.59,455.9
5062,2024-02-11,Eggs,Dairy,8,24.08,192.64
5062,2024-02-11,Pasta,Dry Products,7,34.85,243.95
3167,2024-05-31,Bread,Bakery,10,30.18,301.8
3167,2024-05-31,Tomato,Vegetables,6,30.43,182.58
3167,2024-05-31,Apple,Fruits,7,45.64,319.48
3167,2024-05-31,Orange Juice,Beverages,10,3.77,37.7
3167,2024-05-31,Potatoes,Vegetables,10,38.53,385.3
2274,2024-02-28,Banana,Fruits,5,9.45,47.25
2274,2024-02-28,Apple,Fruits,5,3.99,19.95
2274,2024-02-28,Potatoes,Vegetables,7,20.17,141.19
2274,2024-02-28,Cookies,Sweets,3,25.67,77.01
2274,2024-02-28,Eggs,Dairy,1,27.53,27.53
4296,2024-02-10,Chicken,Meat,1,8.6,8.6
4296,2024-02-10,Butter,Dairy,1,28.45,28.45
4296,2024-02-10,Tea,Beverages,8,47.43,379.44
7782,2024-05-14,Rice,Dry Products,9,40.63,365.67
7782,2024-05-14,Ham,Meat,9,29.23,263.07
7782,2024-05-14,Banana,Fruits,6,40.91,245.46
7782,2024-05-14,Pasta,Dry Products,7,40.73,285.11
9547,2024-01-01,Potatoes,Vegetables,2,30.95,61.9
9547,2024-01-01,Tomato,Vegetables,8,44.68,357.44
9547,2024-01-01,Orange Juice,Beverages,9,21.26,191.34
9547,2024-01-01,Beef,Meat,3,40.53,121.59
9547,2024-01-01,Pasta,Dry Products,3,43.79,131.37
4118,2024-01-26,Pasta,Dry Products,2,31.31,62.62
4118,2024-01-26,Milk,Dairy,2,46.24,92.48
4118,2024-01-26,Apple,Fruits,3,20.96,62.88
4118,2024-01-26,Banana,Fruits,10,26.04,260.4
4118,2024-01-26,Coffee,Beverages,4,48.37,193.48
3234,2024-02-24,Bread,Bakery,3,14.43,43.29
8706,2024-05-09,Eggs,Dairy,9,49.28,443.52
8706,2024-05-09,Bread,Bakery,7,34.25,239.75
8706,2024-05-09,Chicken,Meat,4,28.93,115.72
8706,2024-05-09,Pasta,Dry Products,10,35.56,355.6
8706,2024-05-09,Beef,Meat,10,45.28,452.8
7521,2024-01-09,Banana,Fruits,9,40.15,361.35
7521,2024-01-09,Coffee,Beverages,4,46.68,186.72
6207,2024-01-18,Potatoes,Vegetables,5,37.21,186.05
2771,2024-04-23,Cheese,Dairy,3,25.58,76.74
2771,2024-04-23,Coffee,Beverages,3,16.94,50.82
2771,2024-04-23,Butter,Dairy,4,46.92,187.68
2771,2024-04-23,Tea,Beverages,5,27.73,138.65
2771,2024-04-23,Chicken,Meat,8,22.66,181.28
2254,2024-06-24,Milk,Dairy,6,38.46,230.76
2254,2024-06-24,Ham,Meat,8,35.45,283.6
2254,2024-06-24,Cheese,Dairy,2,16.87,33.74
2254,2024-06-24,Rice,Dry Products,9,10.54,94.86
8662,2024-06-15,Apple,Fruits,3,41.08,123.24
8662,2024-06-15,Beef,Meat,5,48.01,240.05
8662,2024-06-15,Tomato,Vegetables,10,20.7,207.0
2905,2024-02-15,Apple,Fruits,3,7.51,22.53
2905,2024-02-15,Banana,Fruits,2,48.59,97.18
2905,2024-02-15,Pasta,Dry Products,3,2.72,8.16
9302,2024-03-13,Cheese,Dairy,6,13.97,83.82
9302,2024-03-13,Rice,Dry Products,1,20.09,20.09
1291,2024-04-11,Rice,Dry Products,7,43.73,306.11
1291,2024-04-11,Ham,Meat,10,30.68,306.8
4117,2024-06-14,Tea,Beverages,5,43.53,217.65
4117,2024-06-14,Milk,Dairy,10,29.25,292.5
4117,2024-06-14,Chocolate,Sweets,7,32.02,224.14
4117,2024-06-14,Water,Beverages,7,18.33,128.31
4117,2024-06-14,Eggs,Dairy,6,28.17,169.02
9605,2024-03-27,Pasta,Dry Products,3,18.69,56.07
9605,2024-03-27,Milk,Dairy,6,11.3,67.8
5696,2024-04-17,Chicken,Meat,10,10.56,105.6
5696,2024-04-17,Milk,Dairy,6,21.33,127.98
5696,2024-04-17,Tomato,Vegetables,5,46.96,234.8
5696,2024-04-17,Cheese,Dairy,6,20.6,123.6
8395,2024-05-28,Ham,Meat,10,14.88,148.8
8395,2024-05-28,Coffee,Beverages,2,38.1,76.2
8395,2024-05-28,Pasta,Dry Products,8,24.22,193.76
8395,2024-05-28,Potatoes,Vegetables,4,32.19,128.76
8395,2024-05-28,Banana,Fruits,4,3.7,14.8
3976,2024-06-07,Potatoes,Vegetables,5,36.53,182.65
3976,2024-06-07,Chicken,Meat,5,5.85,29.25
3976,2024-06-07,Coffee,Beverages,3,6.59,19.77
3976,2024-06-07,Tea,Beverages,10,36.6,366.0
3976,2024-06-07,Pasta,Dry Products,2,16.8,33.6
6430,2024-04-20,Chicken,Meat,8,3.98,31.84
6430,2024-04-20,Banana,Fruits,9,4.22,37.98
6430,2024-04-20,Apple,Fruits,6,7.27,43.62
6430,2024-04-20,Water,Beverages,5,44.34,221.7
6430,2024-04-20,Cookies,Sweets,6,4.69,28.14
3346,2024-06-08,Tea,Beverages,4,10.36,41.44
4503,2024-01-27,Tomato,Vegetables,1,35.38,35.38
9574,2024-03-21,Potatoes,Vegetables,9,34.46,310.14
9574,2024-03-21,Bread,Bakery,8,11.69,93.52
9574,2024-03-21,Cookies,Sweets,2,19.16,38.32
9574,2024-03-21,Butter,Dairy,8,22.92,183.36
7660,2024-05-14,Rice,Dry Products,4,38.98,155.92
7660,2024-05-14,Cookies,Sweets,9,32.28,290.52
7660,2024-05-14,Chicken,Meat,3,40.51,121.53
3689,2024-01-26,Coffee,Beverages,3,16.03,48.09
1873,2024-04-26,Potatoes,Vegetables,10,40.12,401.2
1873,2024-04-26,Cookies,Sweets,8,48.31,386.48
1873,2024-04-26,Cheese,Dairy,3,25.11,75.33
1873,2024-04-26,Eggs,Dairy,10,42.02,420.2
1873,2024-04-26,Butter,Dairy,4,49.29,197.16
8696,2024-03-03,Milk,Dairy,7,39.03,273.21
3703,2024-05-02,Beef,Meat,9,19.35,174.15
2085,2024-01-21,Bread,Bakery,4,8.28,33.12
1524,2024-02-13,Cheese,Dairy,7,34.32,240.24
3598,2024-01-04,Cookies,Sweets,4,46.9,187.6
3598,2024-01-04,Pasta,Dry Products,6,4.35,26.1
3598,2024-01-04,Tea,Beverages,7,22.8,159.6
3598,2024-01-04,Milk,Dairy,7,11.87,83.09
5178,2024-03-17,Banana,Fruits,7,47.9,335.3
5178,2024-03-17,Water,Beverages,3,6.76,20.28
1503,2024-04-18,Apple,Fruits,10,43.2,432.0
8762,2024-01-23,Beef,Meat,6,48.97,293.82
8762,2024-01-23,Milk,Dairy,7,18.89,132.23
8762,2024-01-23,Apple,Fruits,3,42.6,127.8
8762,2024-01-23,Chocolate,Sweets,6,11.96,71.76
8762,2024-01-23,Tea,Beverages,3,22.51,67.53
6358,2024-03-14,Tea,Beverages,5,7.78,38.9
6358,2024-03-14,Coffee,Beverages,9,27.13,244.17
6358,2024-03-14,Potatoes,Vegetables,7,21.98,153.86
7046,2024-05-10,Water,Beverages,8,37.19,297.52
1174,2024-03-31,Coffee,Beverages,5,5.15,25.75
1174,2024-03-31,Milk,Dairy,7,49.68,347.76
1174,2024-03-31,Ham,Meat,9,21.7,195.3
1174,2024-03-31,Banana,Fruits,9,12.92,116.28
1174,2024-03-31,Beef,Meat,7,13.89,97.23
2399,2024-01-02,Potatoes,Vegetables,7,21.0,147.0
9563,2024-01-26,Banana,Fruits,8,33.35,266.8
9563,2024-01-26,Cheese,Dairy,6,26.82,160.92
9563,2024-01-26,Cookies,Sweets,4,26.08,104.32
9563,2024-01-26,Pasta,Dry Products,1,23.04,23.04
9563,2024-01-26,Eggs,Dairy,4,6.25,25.0
5740,2024-03-11,Cheese,Dairy,9,40.13,361.17
3695,2024-03-16,Tea,Beverages,3,16.92,50.76
3695,2024-03-16,Apple,Fruits,10,3.98,39.8
8898,2024-01-10,Rice,Dry Products,2,47.62,95.24
6283,2024-06-26,Butter,Dairy,8,43.01,344.08
6283,2024-06-26,Apple,Fruits,8,15.77,126.16
6283,2024-06-26,Chocolate,Sweets,4,33.67,134.68
3686,2024-05-26,Pasta,Dry Products,1,2.23,2.23
3686,2024-05-26,Banana,Fruits,10,7.83,78.3
3686,2024-05-26,Potatoes,Vegetables,6,3.86,23.16
3686,2024-05-26,Tea,Beverages,6,38.74,232.44
2902,2024-01-10,Milk,Dairy,1,20.23,20.23
2902,2024-01-10,Cheese,Dairy,4,10.11,40.44
2902,2024-01-10,Cookies,Sweets,6,26.09,156.54
2902,2024-01-10,Butter,Dairy,7,19.66,137.62
2902,2024-01-10,Tomato,Vegetables,3,49.75,149.25
3540,2024-05-25,Tomato,Vegetables,10,14.37,143.7
3540,2024-05-25,Cookies,Sweets,6,40.76,244.56
3025,2024-05-20,Milk,Dairy,8,47.84,382.72
3025,2024-05-20,Orange Juice,Beverages,9,8.98,80.82
3025,2024-05-20,Eggs,Dairy,10,12.44,124.4
3025,2024-05-20,Chocolate,Sweets,10,23.18,231.8
9281,2024-06-12,Pasta,Dry Products,2,44.8,89.6
9171,2024-01-01,Banana,Fruits,6,7.15,42.9
9171,2024-01-01,Coffee,Beverages,6,30.91,185.46
9171,2024-01-01,Butter,Dairy,10,45.85,458.5
9171,2024-01-01,Water,Beverages,7,35.25,246.75
6469,2024-04-24,Potatoes,Vegetables,7,29.81,208.67
6469,2024-04-24,Eggs,Dairy,3,7.36,22.08
6469,2024-04-24,Chocolate,Sweets,1,14.28,14.28
6469,2024-04-24,Bread,Bakery,2,37.35,74.7
6469,2024-04-24,Coffee,Beverages,7,18.31,128.17
8200,2024-02-20,Eggs,Dairy,7,21.31,149.17
8200,2024-02-20,Ham,Meat,8,12.89,103.12
8200,2024-02-20,Potatoes,Vegetables,7,16.96,118.72
8200,2024-02-20,Beef,Meat,8,29.2,233.6
1690,2024-01-03,Bread,Bakery,6,43.73,262.38
1690,2024-01-03,Cookies,Sweets,5,14.81,74.05
4196,2024-06-24,Potatoes,Vegetables,1,35.62,35.62
4196,2024-06-24,Chocolate,Sweets,1,21.66,21.66
4196,2024-06-24,Cookies,Sweets,7,34.1,238.7
4196,2024-06-24,Tomato,Vegetables,3,7.93,23.79
3013,2024-01-30,Coffee,Beverages,9,4.08,36.72
8076,2024-04-05,Chocolate,Sweets,1,26.9,26.9
8076,2024-04-05,Coffee,Beverages,1,23.46,23.46
7467,2024-06-22,Tomato,Vegetables,9,16.55,148.95
7467,2024-06-22,Butter,Dairy,5,42.76,213.8
1435,2024-01-10,Water,Beverages,2,29.19,58.38
1435,2024-01-10,Ham,Meat,8,23.47,187.76
1435,2024-01-10,Rice,Dry Products,1,20.46,20.46
1435,2024-01-10,Eggs,Dairy,4,39.74,158.96
2280,2024-01-04,Eggs,Dairy,3,39.39,118.17
2280,2024-01-04,Tea,Beverages,5,6.82,34.1
2280,2024-01-04,Water,Beverages,8,36.33,290.64
8991,2024-06-15,Tea,Beverages,6,21.42,128.52
8991,2024-06-15,Butter,Dairy,10,49.39,493.9
9957,2024-06-19,Chicken,Meat,5,14.71,73.55
4357,2024-04-03,Banana,Fruits,7,43.82,306.74
4357,2024-04-03,Eggs,Dairy,5,6.4,32.0
3175,2024-05-24,Bread,Bakery,5,34.74,173.7
3175,2024-05-24,Chocolate,Sweets,4,26.56,106.24
3175,2024-05-24,Beef,Meat,4,26.95,107.8
3214,2024-01-09,Rice,Dry Products,4,18.82,75.28
3214,2024-01-09,Beef,Meat,6,46.55,279.3
3214,2024-01-09,Milk,Dairy,8,39.16,313.28
9543,2024-06-13,Chocolate,Sweets,5,28.94,144.7
9543,2024-06-13,Potatoes,Vegetables,2,20.86,41.72
9543,2024-06-13,Chicken,Meat,10,14.98,149.8
9543,2024-06-13,Coffee,Beverages,2,10.81,21.62
9543,2024-06-13,Apple,Fruits,3,37.84,113.52
2346,2024-01-28,Ham,Meat,5,28.36,141.8
2346,2024-01-28,Banana,Fruits,8,22.37,178.96
4153,2024-04-28,Pasta,Dry Products,4,21.38,85.52
4153,2024-04-28,Apple,Fruits,10,19.64,196.4
1777,2024-03-07,Beef,Meat,10,37.44,374.4
1777,2024-03-07,Butter,Dairy,9,11.87,106.83
1777,2024-03-07,Tea,Beverages,6,3.19,19.14
6918,2024-04-10,Tomato,Vegetables,1,37.65,37.65
6918,2024-04-10,Rice,Dry Products,2,5.43,10.86
2174,2024-01-23,Tomato,Vegetables,8,5.55,44.4
2174,2024-01-23,Cookies,Sweets,7,10.08,70.56
2174,2024-01-23,Water,Beverages,9,30.0,270.0
9842,2024-03-31,Tea,Beverages,5,29.33,146.65
9842,2024-03-31,Potatoes,Vegetables,6,22.38,134.28
6475,2024-06-15,Eggs,Dairy,10,11.14,111.4
7593,2024-03-25,Cheese,Dairy,1,32.05,32.05
9933,2024-06-24,Coffee,Beverages,5,13.75,68.75
9933,2024-06-24,Ham,Meat,5,46.55,232.75
9933,2024-06-24,Chocolate,Sweets,7,26.27,183.89
6443,2024-03-26,Butter,Dairy,1,32.95,32.95
6443,2024-03-26,Cheese,Dairy,4,33.84,135.36
6443,2024-03-26,Potatoes,Vegetables,8,31.34,250.72
6443,2024-03-26,Banana,Fruits,9,48.9,440.1
6443,2024-03-26,Coffee,Beverages,2,16.15,32.3
3513,2024-03-01,Potatoes,Vegetables,6,16.28,97.68
3513,2024-03-01,Eggs,Dairy,5,15.19,75.95
3513,2024-03-01,Ham,Meat,7,38.41,268.87
7882,2024-06-01,Potatoes,Vegetables,10,6.04,60.4
2622,2024-02-17,Chocolate,Sweets,6,45.71,274.26
2622,2024-02-17,Water,Beverages,7,37.16,260.12
2622,2024-02-17,Ham,Meat,10,13.51,135.1
4123,2024-03-25,Orange Juice,Beverages,5,11.84,59.2
9779,2024-04-10,Potatoes,Vegetables,4,8.63,34.52
9779,2024-04-10,Cheese,Dairy,9,37.82,340.38
9779,2024-04-10,Ham,Meat,6,10.91,65.46
1742,2024-05-09,Potatoes,Vegetables,5,31.28,156.4
1742,2024-05-09,Cheese,Dairy,9,25.81,232.29
5752,2024-06-14,Orange Juice,Beverages,1,3.31,3.31
5752,2024-06-14,Eggs,Dairy,5,34.79,173.95
9743,2024-02-24,Cheese,Dairy,7,38.34,268.38
9743,2024-02-24,Milk,Dairy,9,35.84,322.56
9743,2024-02-24,Banana,Fruits,2,19.26,38.52
9743,2024-02-24,Water,Beverages,8,46.03,368.24
1735,2024-03-27,Tomato,Vegetables,9,29.92,269.28
1735,2024-03-27,Eggs,Dairy,6,18.43,110.58
1735,2024-03-27,Chocolate,Sweets,3,2.02,6.06
1735,2024-03-27,Beef,Meat,5,22.56,112.8
4872,2024-04-02,Coffee,Beverages,5,21.61,108.05
4872,2024-04-02,Cookies,Sweets,10,38.01,380.1
4872,2024-04-02,Tomato,Vegetables,9,25.79,232.11
4872,2024-04-02,Milk,Dairy,9,20.22,181.98
1143,2024-04-08,Chicken,Meat,8,41.53,332.24
1143,2024-04-08,Water,Beverages,3,48.08,144.24
1143,2024-04-08,Cheese,Dairy,4,34.9,139.6
4568,2024-05-09,Apple,Fruits,1,28.49,28.49
4568,2024-05-09,Water,Beverages,9,42.14,379.26
4568,2024-05-09,Milk,Dairy,2,35.46,70.92
4568,2024-05-09,Beef,Meat,3,26.62,79.86
4568,2024-05-09,Cheese,Dairy,2,45.17,90.34
1798,2024-04-10,Tea,Beverages,3,10.04,30.12
4180,2024-06-25,Potatoes,Vegetables,1,36.98,36.98
4180,2024-06-25,Tomato,Vegetables,1,28.39,28.39
4180,2024-06-25,Orange Juice,Beverages,2,48.04,96.08
4180,2024-06-25,Chicken,Meat,7,10.42,72.94
4728,2024-01-06,Chocolate,Sweets,5,27.43,137.15
3684,2024-02-20,Chocolate,Sweets,8,40.32,322.56
3684,2024-02-20,Tomato,Vegetables,8,26.99,215.92
3684,2024-02-20,Pasta,Dry Products,3,18.04,54.12
3581,2024-03-14,Tea,Beverages,4,44.68,178.72
3581,2024-03-14,Cookies,Sweets,5,30.9,154.5
8148,2024-01-29,Cookies,Sweets,9,13.85,124.65
8148,2024-01-29,Milk,Dairy,8,23.04,184.32
8148,2024-01-29,Potatoes,Vegetables,8,21.51,172.08
8148,2024-01-29,Chicken,Meat,3,31.07,93.21
8148,2024-01-29,Tomato,Vegetables,6,17.35,104.1
7753,2024-03-29,Chicken,Meat,10,34.49,344.9
7753,2024-03-29,Water,Beverages,2,17.79,35.58
7753,2024-03-29,Eggs,Dairy,10,45.73,457.3
4578,2024-06-08,Milk,Dairy,8,24.09,192.72
1069,2024-02-01,Chocolate,Sweets,10,20.96,209.6
1069,2024-02-01,Potatoes,Vegetables,2,34.12,68.24
1069,2024-02-01,Beef,Meat,9,8.73,78.57
1069,2024-02-01,Orange Juice,Beverages,6,20.56,123.36
1069,2024-02-01,Butter,Dairy,7,10.09,70.63
8903,2024-06-17,Tea,Beverages,2,7.18,14.36
1557,2024-01-26,Rice,Dry Products,5,18.3,91.5
1557,2024-01-26,Banana,Fruits,9,10.71,96.39
1557,2024-01-26,Tomato,Vegetables,4,26.14,104.56
7167,2024-01-18,Bread,Bakery,2,42.33,84.66
4241,2024-02-19,Ham,Meat,5,8.47,42.35
4241,2024-02-19,Tomato,Vegetables,7,8.31,58.17
4241,2024-02-19,Potatoes,Vegetables,3,45.44,136.32
4241,2024-02-19,Milk,Dairy,7,26.75,187.25
4241,2024-02-19,Cheese,Dairy,10,7.92,79.2
8076,2024-03-28,Bread,Bakery,6,46.86,281.16
8076,2024-03-28,Apple,Fruits,7,2.88,20.16
8076,2024-03-28,Milk,Dairy,2,7.71,15.42
8076,2024-03-28,Cookies,Sweets,2,49.61,99.22
8076,2024-03-28,Rice,Dry Products,3,24.26,72.78
4869,2024-01-11,Orange Juice,Beverages,9,45.24,407.16
4869,2024-01-11,Bread,Bakery,7,17.53,122.71
4869,2024-01-11,Eggs,Dairy,5,24.46,122.3
4869,2024-01-11,Cookies,Sweets,10,7.98,79.8
1449,2024-05-02,Potatoes,Vegetables,7,3.5,24.5
1449,2024-05-02,Coffee,Beverages,2,29.91,59.82
1449,2024-05-02,Milk,Dairy,6,44.81,268.86
7166,2024-04-28,Water,Beverages,8,44.09,352.72
3428,2024-05-30,Tea,Beverages,3,2.14,6.42
3428,2024-05-30,Coffee,Beverages,10,25.06,250.6
3428,2024-05-30,Ham,Meat,5,7.32,36.6
2962,2024-03-09,Banana,Fruits,1,8.22,8.22
2962,2024-03-09,Tea,Beverages,7,30.5,213.5
2962,2024-03-09,Chocolate,Sweets,9,8.06,72.54
4711,2024-06-05,Water,Beverages,5,42.14,210.7
4711,2024-06-05,Cheese,Dairy,1,21.1,21.1
4711,2024-06-05,Eggs,Dairy,3,2.31,6.93
4711,2024-06-05,Beef,Meat,7,15.3,107.1
5610,2024-01-09,Beef,Meat,6,25.59,153.54
5610,2024-01-09,Ham,Meat,6,26.29,157.74
5610,2024-01-09,Chicken,Meat,4,31.72,126.88
5610,2024-01-09,Rice,Dry Products,1,16.01,16.01
2415,2024-01-30,Water,Beverages,8,18.9,151.2
2415,2024-01-30,Eggs,Dairy,7,18.13,126.91
2415,2024-01-30,Rice,Dry Products,1,49.23,49.23
2415,2024-01-30,Apple,Fruits,1,10.07,10.07
2415,2024-01-30,Beef,Meat,10,23.24,232.4
8414,2024-05-19,Coffee,Beverages,4,14.69,58.76
8414,2024-05-19,Rice,Dry Products,1,42.85,42.85
8414,2024-05-19,Bread,Bakery,2,13.87,27.74
3080,2024-04-19,Eggs,Dairy,6,25.28,151.68
3080,2024-04-19,Tomato,Vegetables,10,18.93,189.3
3080,2024-04-19,Milk,Dairy,10,48.03,480.3
3080,2024-04-19,Coffee,Beverages,3,36.67,110.01
3080,2024-04-19,Ham,Meat,2,9.56,19.12
9317,2024-01-18,Beef,Meat,4,8.92,35.68
4913,2024-02-05,Cheese,Dairy,5,6.09,30.45
4913,2024-02-05,Apple,Fruits,6,31.72,190.32
4913,2024-02-05,Banana,Fruits,5,3.52,17.6
4913,2024-02-05,Beef,Meat,7,33.04,231.28
4913,2024-02-05,Rice,Dry Products,5,32.94,164.7
6339,2024-02-07,Pasta,Dry Products,8,23.86,190.88
6339,2024-02-07,Beef,Meat,8,20.85,166.8
6339,2024-02-07,Potatoes,Vegetables,1,31.53,31.53
4249,2024-04-02,Cookies,Sweets,9,11.25,101.25
4249,2024-04-02,Tomato,Vegetables,7,36.56,255.92
4249,2024-04-02,Milk,Dairy,5,29.13,145.65
4249,2024-04-02,Chicken,Meat,8,6.28,50.24
4249,2024-04-02,Pasta,Dry Products,5,6.11,30.55
3938,2024-04-03,Apple,Fruits,6,35.87,215.22
1343,2024-06-23,Water,Beverages,3,2.11,6.33
1343,2024-06-23,Bread,Bakery,4,22.37,89.48
1343,2024-06-23,Orange Juice,Beverages,2,13.75,27.5
1343,2024-06-23,Chicken,Meat,9,20.32,182.88
1343,2024-06-23,Potatoes,Vegetables,8,33.63,269.04
4378,2024-02-08,Orange Juice,Beverages,10,14.74,147.4
8854,2024-04-02,Orange Juice,Beverages,6,43.84,263.04
2491,2024-02-29,Cheese,Dairy,1,16.43,16.43
2491,2024-02-29,Orange Juice,Beverages,3,6.4,19.2
6178,2024-05-29,Coffee,Beverages,5,15.88,79.4
6178,2024-05-29,Bread,Bakery,5,3.96,19.8
6178,2024-05-29,Chocolate,Sweets,6,3.16,18.96
6178,2024-05-29,Tea,Beverages,7,25.51,178.57
6178,2024-05-29,Chicken,Meat,3,19.09,57.27
7370,2024-04-04,Bread,Bakery,4,10.28,41.12
7370,2024-04-04,Cheese,Dairy,4,36.93,147.72
4331,2024-01-04,Cheese,Dairy,2,30.45,60.9
4331,2024-01-04,Pasta,Dry Products,3,3.11,9.33
4331,2024-01-04,Butter,Dairy,7,47.16,330.12
4331,2024-01-04,Chicken,Meat,6,41.13,246.78
4331,2024-01-04,Bread,Bakery,2,15.72,31.44
5738,2024-05-22,Apple,Fruits,1,20.34,20.34
4309,2024-02-20,Apple,Fruits,2,48.7,97.4
4309,2024-02-20,Water,Beverages,9,30.31,272.79
4309,2024-02-20,Milk,Dairy,9,32.54,292.86
4309,2024-02-20,Banana,Fruits,4,31.12,124.48
8498,2024-05-12,Chicken,Meat,3,6.67,20.01
8498,2024-05-12,Pasta,Dry Products,2,10.84,21.68
7971,2024-01-15,Chicken,Meat,5,31.16,155.8
7971,2024-01-15,Cheese,Dairy,9,6.43,57.87
7971,2024-01-15,Rice,Dry Products,7,34.28,239.96
7971,2024-01-15,Potatoes,Vegetables,3,14.7,44.1
1536,2024-01-07,Cookies,Sweets,2,43.11,86.22
1536,2024-01-07,Beef,Meat,1,31.74,31.74
1536,2024-01-07,Potatoes,Vegetables,2,18.87,37.74
1384,2024-02-03,Water,Beverages,5,27.44,137.2
1872,2024-05-07,Rice,Dry Products,1,5.58,5.58
1872,2024-05-07,Water,Beverages,8,21.25,170.0
1872,2024-05-07,Eggs,Dairy,3,17.92,53.76
5326,2024-04-21,Orange Juice,Beverages,6,16.47,98.82
5326,2024-04-21,Milk,Dairy,1,12.94,12.94
5326,2024-04-21,Apple,Fruits,5,16.75,83.75
5326,2024-04-21,Butter,Dairy,6,23.94,143.64
5326,2024-04-21,Water,Beverages,5,13.88,69.4
9179,2024-05-20,Tomato,Vegetables,7,26.51,185.57
9179,2024-05-20,Beef,Meat,5,15.61,78.05
9179,2024-05-20,Orange Juice,Beverages,9,35.55,319.95
9179,2024-05-20,Milk,Dairy,10,12.34,123.4
9179,2024-05-20,Cheese,Dairy,7,29.52,206.64
3868,2024-02-21,Tea,Beverages,6,40.14,240.84
3868,2024-02-21,Coffee,Beverages,9,49.11,441.99
3868,2024-02-21,Ham,Meat,5,42.45,212.25
5055,2024-06-17,Orange Juice,Beverages,5,35.78,178.9
5055,2024-06-17,Tomato,Vegetables,5,4.92,24.6
5055,2024-06-17,Bread,Bakery,4,23.86,95.44
2336,2024-04-28,Cookies,Sweets,5,35.72,178.6
2336,2024-04-28,Pasta,Dry Products,6,49.45,296.7
2336,2024-04-28,Chocolate,Sweets,3,24.45,73.35
2336,2024-04-28,Apple,Fruits,2,33.51,67.02
8307,2024-05-28,Water,Beverages,6,19.03,114.18
8307,2024-05-28,Chicken,Meat,2,34.7,69.4
8307,2024-05-28,Banana,Fruits,5,31.48,157.4
8307,2024-05-28,Beef,Meat,8,47.75,382.0
8307,2024-05-28,Orange Juice,Beverages,1,34.75,34.75
1636,2024-06-11,Bread,Bakery,5,38.35,191.75
1636,2024-06-11,Chicken,Meat,8,42.1,336.8
1636,2024-06-11,Cheese,Dairy,8,2.63,21.04
8742,2024-03-21,Cheese,Dairy,8,34.26,274.08
9525,2024-02-08,Chocolate,Sweets,8,22.8,182.4
2305,2024-02-19,Milk,Dairy,3,17.51,52.53
2305,2024-02-19,Beef,Meat,1,41.08,41.08
5305,2024-04-01,Cookies,Sweets,9,8.76,78.84
3644,2024-01-12,Beef,Meat,4,19.14,76.56
3644,2024-01-12,Water,Beverages,9,18.17,163.53
8635,2024-01-06,Ham,Meat,6,36.47,218.82
8635,2024-01-06,Tomato,Vegetables,9,16.96,152.64
1424,2024-05-30,Beef,Meat,5,47.34,236.7
1424,2024-05-30,Rice,Dry Products,4,22.15,88.6
5705,2024-06-09,Orange Juice,Beverages,9,40.88,367.92
5705,2024-06-09,Beef,Meat,8,43.76,350.08
5705,2024-06-09,Banana,Fruits,8,14.96,119.68
5705,2024-06-09,Cheese,Dairy,5,29.29,146.45
4354,2024-03-22,Tomato,Vegetables,2,37.85,75.7
4354,2024-03-22,Bread,Bakery,3,15.43,46.29
4354,2024-03-22,Coffee,Beverages,6,46.17,277.02
2467,2024-05-14,Coffee,Beverages,3,25.95,77.85
2467,2024-05-14,Pasta,Dry Products,3,4.65,13.95
2467,2024-05-14,Apple,Fruits,3,8.55,25.65
2467,2024-05-14,Beef,Meat,9,16.24,146.16
2467,2024-05-14,Potatoes,Vegetables,6,4.79,28.74
6764,2024-03-04,Apple,Fruits,6,26.45,158.7
6764,2024-03-04,Eggs,Dairy,9,7.53,67.77
6764,2024-03-04,Cheese,Dairy,9,16.51,148.59
7980,2024-06-12,Potatoes,Vegetables,2,5.45,10.9
7980,2024-06-12,Apple,Fruits,10,40.52,405.2
7980,2024-06-12,Ham,Meat,5,38.93,194.65
7980,2024-06-12,Cheese,Dairy,8,48.61,388.88
9093,2024-05-20,Ham,Meat,1,45.76,45.76
5636,2024-02-05,Pasta,Dry Products,8,44.13,353.04
5706,2024-01-19,Beef,Meat,8,24.65,197.2
5706,2024-01-19,Coffee,Beverages,6,9.45,56.7
5706,2024-01-19,Cookies,Sweets,8,48.37,386.96
5706,2024-01-19,Butter,Dairy,3,8.22,24.66
9467,2024-04-24,Milk,Dairy,6,34.42,206.52
9467,2024-04-24,Orange Juice,Beverages,5,19.0,95.0
9467,2024-04-24,Potatoes,Vegetables,5,3.14,15.7
9467,2024-04-24,Butter,Dairy,6,47.39,284.34
9467,2024-04-24,Eggs,Dairy,1,25.63,25.63
3159,2024-05-11,Tea,Beverages,2,40.95,81.9
3159,2024-05-11,Rice,Dry Products,2,3.0,6.0
3159,2024-05-11,Potatoes,Vegetables,5,43.87,219.35
3159,2024-05-11,Orange Juice,Beverages,6,5.58,33.48
8319,2024-02-01,Eggs,Dairy,9,19.94,179.46
8319,2024-02-01,Orange Juice,Beverages,3,4.44,13.32
5001,2024-02-29,Butter,Dairy,9,31.43,282.87
5001,2024-02-29,Tea,Beverages,9,10.24,92.16
5001,2024-02-29,Ham,Meat,4,31.27,125.08
2867,2024-04-17,Water,Beverages,4,23.81,95.24
2867,2024-04-17,Pasta,Dry Products,9,39.2,352.8
2867,2024-04-17,Orange Juice,Beverages,6,20.31,121.86
7732,2024-05-24,Apple,Fruits,5,7.71,38.55
7732,2024-05-24,Rice,Dry Products,4,2.44,9.76
1669,2024-01-30,Cheese,Dairy,8,38.56,308.48
1669,2024-01-30,Tea,Beverages,6,4.81,28.86
1669,2024-01-30,Chocolate,Sweets,7,10.24,71.68
7090,2024-03-04,Chicken,Meat,1,27.7,27.7
8685,2024-03-14,Orange Juice,Beverages,5,37.27,186.35
8685,2024-03-14,Tea,Beverages,8,8.31,66.48
6141,2024-05-15,Chocolate,Sweets,7,11.04,77.28
6141,2024-05-15,Cookies,Sweets,6,7.83,46.98
6141,2024-05-15,Water,Beverages,1,7.16,7.16
6141,2024-05-15,Rice,Dry Products,5,14.59,72.95
6024,2024-05-17,Milk,Dairy,1,16.3,16.3
6024,2024-05-17,Tea,Beverages,7,41.24,288.68
6024,2024-05-17,Orange Juice,Beverages,5,30.84,154.2
6024,2024-05-17,Water,Beverages,3,32.79,98.37
8876,2024-01-06,Butter,Dairy,9,43.69,393.21
8876,2024-01-06,Tomato,Vegetables,5,24.46,122.3
8876,2024-01-06,Ham,Meat,1,48.42,48.42
8876,2024-01-06,Beef,Meat,5,2.24,11.2
6814,2024-05-08,Beef,Meat,1,6.81,6.81
7259,2024-01-17,Potatoes,Vegetables,6,43.65,261.9
7259,2024-01-17,Ham,Meat,4,6.82,27.28
7259,2024-01-17,Apple,Fruits,4,39.98,159.92
7384,2024-06-17,Coffee,Beverages,5,15.6,78.0
7384,2024-06-17,Rice,Dry Products,3,32.19,96.57
2027,2024-04-04,Chicken,Meat,10,2.82,28.2
2027,2024-04-04,Beef,Meat,5,14.43,72.15
2027,2024-04-04,Ham,Meat,3,14.55,43.65
2027,2024-04-04,Tomato,Vegetables,10,16.19,161.9
9602,2024-05-02,Potatoes,Vegetables,4,10.86,43.44
9602,2024-05-02,Beef,Meat,9,29.36,264.24
5730,2024-01-21,Pasta,Dry Products,5,45.42,227.1
5730,2024-01-21,Bread,Bakery,6,43.36,260.16
5730,2024-01-21,Cheese,Dairy,6,42.0,252.0
1887,2024-03-07,Rice,Dry Products,3,41.01,123.03
1887,2024-03-07,Tomato,Vegetables,2,49.17,98.34
8491,2024-04-27,Apple,Fruits,9,38.04,342.36
8491,2024-04-27,Banana,Fruits,9,21.83,196.47
8491,2024-04-27,Tea,Beverages,2,18.12,36.24
8491,2024-04-27,Bread,Bakery,10,45.42,454.2
8491,2024-04-27,Ham,Meat,4,14.53,58.12
5717,2024-03-21,Cheese,Dairy,9,21.29,191.61
5717,2024-03-21,Ham,Meat,2,11.63,23.26
2263,2024-06-16,Cookies,Sweets,8,2.88,23.04
2263,2024-06-16,Milk,Dairy,4,27.82,111.28
7814,2024-04-18,Beef,Meat,10,29.86,298.6
7814,2024-04-18,Pasta,Dry Products,4,22.11,88.44
7814,2024-04-18,Bread,Bakery,2,18.39,36.78
7814,2024-04-18,Cookies,Sweets,2,8.44,16.88
7814,2024-04-18,Tomato,Vegetables,1,43.66,43.66
2718,2024-05-26,Rice,Dry Products,10,12.72,127.2
2718,2024-05-26,Apple,Fruits,3,20.61,61.83
7052,2024-01-20,Bread,Bakery,5,26.52,132.6
7048,2024-05-07,Beef,Meat,8,28.27,226.16
7048,2024-05-07,Butter,Dairy,5,5.32,26.6
7048,2024-05-07,Pasta,Dry Products,5,47.58,237.9
5287,2024-02-16,Potatoes,Vegetables,1,10.74,10.74
5287,2024-02-16,Chicken,Meat,9,20.61,185.49
5287,2024-02-16,Cookies,Sweets,6,4.67,28.02
5287,2024-02-16,Beef,Meat,2,14.77,29.54
5287,2024-02-16,Coffee,Beverages,5,14.73,73.65
2134,2024-03-19,Chicken,Meat,6,48.18,289.08
2134,2024-03-19,Banana,Fruits,2,45.56,91.12
2134,2024-03-19,Orange Juice,Beverages,4,29.4,117.6
5476,2024-04-23,Eggs,Dairy,5,28.07,140.35
2262,2024-06-05,Potatoes,Vegetables,6,26.47,158.82
2262,2024-06-05,Cookies,Sweets,7,11.66,81.62
2262,2024-06-05,Ham,Meat,5,39.56,197.8
2262,2024-06-05,Tomato,Vegetables,3,31.89,95.67
6957,2024-02-09,Chicken,Meat,7,29.81,208.67
7334,2024-02-14,Eggs,Dairy,7,33.74,236.18
7334,2024-02-14,Tomato,Vegetables,8,26.96,215.68
7334,2024-02-14,Rice,Dry Products,1,10.56,10.56
2561,2024-01-08,Rice,Dry Products,10,41.56,415.6
7879,2024-03-16,Cookies,Sweets,2,2.03,4.06
7879,2024-03-16,Tea,Beverages,4,34.8,139.2
7879,2024-03-16,Eggs,Dairy,1,43.15,43.15
7879,2024-03-16,Coffee,Beverages,8,49.81,398.48
7879,2024-03-16,Cheese,Dairy,7,19.26,134.82
1455,2024-01-07,Chicken,Meat,3,5.52,16.56
1486,2024-02-18,Water,Beverages,2,36.1,72.2
1486,2024-02-18,Potatoes,Vegetables,10,42.38,423.8
1486,2024-02-18,Cheese,Dairy,2,17.71,35.42
1491,2024-06-10,Cookies,Sweets,1,9.23,9.23
1491,2024-06-10,Potatoes,Vegetables,9,39.27,353.43
1491,2024-06-10,Cheese,Dairy,10,45.4,454.0
1491,2024-06-10,Chocolate,Sweets,4,6.41,25.64
6199,2024-01-15,Beef,Meat,3,26.09,78.27
6199,2024-01-15,Potatoes,Vegetables,6,4.27,25.62
6199,2024-01-15,Apple,Fruits,7,34.68,242.76
6199,2024-01-15,Orange Juice,Beverages,3,3.62,10.86
6199,2024-01-15,Eggs,Dairy,1,49.06,49.06
2267,2024-05-16,Banana,Fruits,2,10.13,20.26
2267,2024-05-16,Beef,Meat,9,30.97,278.73
7910,2024-03-12,Water,Beverages,5,12.17,60.85
7910,2024-03-12,Bread,Bakery,6,43.35,260.1
9557,2024-01-12,Rice,Dry Products,3,10.42,31.26
9557,2024-01-12,Coffee,Beverages,3,2.98,8.94
4465,2024-06-03,Beef,Meat,8,37.14,297.12
4465,2024-06-03,Chicken,Meat,8,9.05,72.4
4465,2024-06-03,Chocolate,Sweets,5,35.8,179.0
6206,2024-01-26,Coffee,Beverages,2,3.98,7.96
6206,2024-01-26,Apple,Fruits,1,45.25,45.25
6206,2024-01-26,Bread,Bakery,1,11.35,11.35
6206,2024-01-26,Rice,Dry Products,7,20.3,142.1
6206,2024-01-26,Tea,Beverages,3,14.68,44.04
3111,2024-01-20,Milk,Dairy,3,39.42,118.26
3111,2024-01-20,Eggs,Dairy,4,13.4,53.6
3111,2024-01-20,Banana,Fruits,10,17.77,177.7
3111,2024-01-20,Beef,Meat,7,46.82,327.74
4445,2024-03-06,Tea,Beverages,6,31.23,187.38
4445,2024-03-06,Chocolate,Sweets,8,14.95,119.6
1241,2024-06-16,Coffee,Beverages,6,20.25,121.5
1241,2024-06-16,Beef,Meat,7,40.09,280.63
6929,2024-02-03,Coffee,Beverages,7,25.25,176.75
6929,2024-02-03,Eggs,Dairy,4,32.34,129.36
7416,2024-03-01,Water,Beverages,8,32.18,257.44
7416,2024-03-01,Beef,Meat,10,9.66,96.6
7416,2024-03-01,Cookies,Sweets,10,4.87,48.7
7416,2024-03-01,Eggs,Dairy,2,48.32,96.64
9652,2024-02-14,Chocolate,Sweets,7,37.99,265.93
9652,2024-02-14,Chicken,Meat,5,45.02,225.1
9652,2024-02-14,Eggs,Dairy,5,25.01,125.05
9652,2024-02-14,Tomato,Vegetables,5,3.56,17.8
1972,2024-05-09,Eggs,Dairy,2,38.52,77.04
1972,2024-05-09,Cookies,Sweets,6,31.17,187.02
1972,2024-05-09,Bread,Bakery,4,43.11,172.44
1972,2024-05-09,Orange Juice,Beverages,8,45.41,363.28
2117,2024-05-11,Chicken,Meat,5,28.12,140.6
2117,2024-05-11,Rice,Dry Products,3,6.16,18.48
2117,2024-05-11,Milk,Dairy,1,4.94,4.94
2117,2024-05-11,Apple,Fruits,10,10.39,103.9
2750,2024-03-20,Water,Beverages,6,11.32,67.92
8594,2024-03-21,Butter,Dairy,2,30.41,60.82
8594,2024-03-21,Ham,Meat,3,43.49,130.47
8594,2024-03-21,Water,Beverages,1,15.61,15.61
8594,2024-03-21,Tomato,Vegetables,9,2.9,26.1
8594,2024-03-21,Pasta,Dry Products,7,42.61,298.27
7893,2024-04-01,Cookies,Sweets,5,31.68,158.4
7893,2024-04-01,Tea,Beverages,10,31.28,312.8
7893,2024-04-01,Coffee,Beverages,10,27.88,278.8
7893,2024-04-01,Cheese,Dairy,1,15.04,15.04
7893,2024-04-01,Milk,Dairy,7,24.97,174.79
3987,2024-02-27,Beef,Meat,7,19.56,136.92
3987,2024-02-27,Banana,Fruits,4,34.97,139.88
3987,2024-02-27,Ham,Meat,9,41.5,373.5
3987,2024-02-27,Milk,Dairy,8,35.05,280.4
3987,2024-02-27,Eggs,Dairy,2,16.4,32.8
4403,2024-04-30,Coffee,Beverages,1,41.39,41.39
4403,2024-04-30,Orange Juice,Beverages,3,17.61,52.83
2324,2024-06-02,Ham,Meat,8,31.0,248.0
2324,2024-06-02,Pasta,Dry Products,2,27.53,55.06
2324,2024-06-02,Tomato,Vegetables,2,39.18,78.36
2324,2024-06-02,Chicken,Meat,5,46.1,230.5
8828,2024-03-15,Tea,Beverages,6,33.27,199.62
8828,2024-03-15,Rice,Dry Products,8,49.53,396.24
8828,2024-03-15,Cheese,Dairy,2,40.77,81.54
8828,2024-03-15,Potatoes,Vegetables,2,4.0,8.0
7881,2024-03-02,Beef,Meat,4,8.08,32.32
7881,2024-03-02,Potatoes,Vegetables,8,39.0,312.0
7881,2024-03-02,Apple,Fruits,2,27.73,55.46
7881,2024-03-02,Rice,Dry Products,6,26.74,160.44
8712,2024-02-16,Water,Beverages,5,2.39,11.95
7956,2024-01-14,Cheese,Dairy,4,45.13,180.52
7956,2024-01-14,Beef,Meat,5,8.55,42.75
7956,2024-01-14,Milk,Dairy,8,22.19,177.52
7956,2024-01-14,Orange Juice,Beverages,7,49.76,348.32
7956,2024-01-14,Bread,Bakery,1,44.25,44.25
6867,2024-05-23,Water,Beverages,4,35.96,143.84
7483,2024-01-12,Banana,Fruits,8,39.67,317.36
7483,2024-01-12,Butter,Dairy,9,31.71,285.39
7483,2024-01-12,Pasta,Dry Products,8,17.58,140.64
7483,2024-01-12,Chocolate,Sweets,2,11.15,22.3
9171,2024-01-09,Banana,Fruits,8,35.15,281.2
9171,2024-01-09,Cookies,Sweets,6,14.36,86.16
9171,2024-01-09,Milk,Dairy,8,35.98,287.84
6366,2024-04-27,Potatoes,Vegetables,3,34.39,103.17
6366,2024-04-27,Rice,Dry Products,3,43.84,131.52
6366,2024-04-27,Water,Beverages,1,7.2,7.2
8192,2024-01-10,Butter,Dairy,9,35.58,320.22
8192,2024-01-10,Rice,Dry Products,4,36.67,146.68
2009,2024-01-02,Cheese,Dairy,10,25.75,257.5
2154,2024-03-18,Rice,Dry Products,6,28.49,170.94
2154,2024-03-18,Chocolate,Sweets,3,31.18,93.54
2154,2024-03-18,Milk,Dairy,5,21.13,105.65
2154,2024-03-18,Cheese,Dairy,1,27.59,27.59
2154,2024-03-18,Butter,Dairy,10,21.26,212.6
5505,2024-03-11,Rice,Dry Products,10,33.91,339.1
5505,2024-03-11,Tea,Beverages,6,29.71,178.26
5505,2024-03-11,Pasta,Dry Products,4,34.43,137.72
5505,2024-03-11,Ham,Meat,5,11.32,56.6
5505,2024-03-11,Water,Beverages,10,2.12,21.2
5292,2024-05-10,Water,Beverages,5,49.0,245.0
5292,2024-05-10,Pasta,Dry Products,1,32.64,32.64
5292,2024-05-10,Milk,Dairy,4,22.21,88.84
9127,2024-01-10,Chocolate,Sweets,1,12.28,12.28
9127,2024-01-10,Cheese,Dairy,6,22.02,132.12
9127,2024-01-10,Butter,Dairy,6,30.84,185.04
9127,2024-01-10,Rice,Dry Products,8,3.92,31.36
3741,2024-06-27,Rice,Dry Products,7,8.65,60.55
3741,2024-06-27,Apple,Fruits,1,35.69,35.69
3741,2024-06-27,Beef,Meat,1,7.14,7.14
2376,2024-04-17,Potatoes,Vegetables,9,7.75,69.75
3977,2024-04-09,Pasta,Dry Products,8,20.02,160.16
2775,2024-06-11,Cookies,Sweets,8,46.94,375.52
2775,2024-06-11,Beef,Meat,10,46.72,467.2
2775,2024-06-11,Orange Juice,Beverages,6,5.4,32.4
2775,2024-06-11,Milk,Dairy,1,24.61,24.61
2775,2024-06-11,Pasta,Dry Products,6,28.88,173.28
7144,2024-02-04,Eggs,Dairy,8,35.67,285.36
7144,2024-02-04,Water,Beverages,7,49.58,347.06
6693,2024-05-31,Potatoes,Vegetables,6,34.62,207.72
6693,2024-05-31,Banana,Fruits,8,45.72,365.76
6693,2024-05-31,Bread,Bakery,6,13.84,83.04
6693,2024-05-31,Cheese,Dairy,6,40.55,243.3
6693,2024-05-31,Tomato,Vegetables,8,36.72,293.76
7600,2024-06-07,Chocolate,Sweets,2,38.71,77.42
7600,2024-06-07,Chicken,Meat,4,48.99,195.96
7600,2024-06-07,Cheese,Dairy,5,40.6,203.0
7600,2024-06-07,Banana,Fruits,1,8.39,8.39
7600,2024-06-07,Tomato,Vegetables,8,35.64,285.12
2582,2024-02-08,Water,Beverages,9,34.83,313.47
8609,2024-03-02,Tomato,Vegetables,1,44.48,44.48
6898,2024-03-23,Cheese,Dairy,6,11.31,67.86
7805,2024-04-20,Water,Beverages,5,42.86,214.3
7805,2024-04-20,Apple,Fruits,5,31.7,158.5
7805,2024-04-20,Tea,Beverages,4,33.09,132.36
7805,2024-04-20,Beef,Meat,8,42.72,341.76
1487,2024-01-05,Water,Beverages,2,32.88,65.76
1487,2024-01-05,Cookies,Sweets,8,44.37,354.96
1487,2024-01-05,Potatoes,Vegetables,3,26.23,78.69
6918,2024-05-04,Tea,Beverages,9,12.48,112.32
6918,2024-05-04,Rice,Dry Products,9,40.47,364.23
6918,2024-05-04,Pasta,Dry Products,4,19.61,78.44
6918,2024-05-04,Apple,Fruits,3,42.08,126.24
6918,2024-05-04,Banana,Fruits,10,34.16,341.6
9722,2024-02-21,Potatoes,Vegetables,2,38.86,77.72
9722,2024-02-21,Bread,Bakery,7,21.88,153.16
6826,2024-01-09,Chocolate,Sweets,3,25.77,77.31
6826,2024-01-09,Apple,Fruits,3,3.54,10.62
6826,2024-01-09,Pasta,Dry Products,4,34.16,136.64
6826,2024-01-09,Potatoes,Vegetables,5,33.27,166.35
2572,2024-01-13,Rice,Dry Products,7,20.97,146.79
2572,2024-01-13,Orange Juice,Beverages,3,28.8,86.4
2572,2024-01-13,Apple,Fruits,8,6.6,52.8
2572,2024-01-13,Bread,Bakery,6,49.53,297.18
2572,2024-01-13,Beef,Meat,2,7.75,15.5
2579,2024-06-08,Tea,Beverages,10,26.21,262.1
2579,2024-06-08,Butter,Dairy,10,24.33,243.3
2579,2024-06-08,Rice,Dry Products,4,3.8,15.2
2579,2024-06-08,Cookies,Sweets,5,8.1,40.5
6968,2024-03-14,Bread,Bakery,8,38.04,304.32
6968,2024-03-14,Orange Juice,Beverages,4,8.84,35.36
6968,2024-03-14,Water,Beverages,5,6.58,32.9
6968,2024-03-14,Potatoes,Vegetables,5,28.63,143.15
6968,2024-03-14,Apple,Fruits,6,15.84,95.04
1996,2024-05-09,Milk,Dairy,1,6.26,6.26
1996,2024-05-09,Pasta,Dry Products,2,32.01,64.02
1996,2024-05-09,Ham,Meat,6,19.65,117.9
8020,2024-01-26,Bread,Bakery,7,39.76,278.32
8020,2024-01-26,Tea,Beverages,9,15.86,142.74
8020,2024-01-26,Butter,Dairy,1,47.1,47.1
9639,2024-03-18,Apple,Fruits,6,45.83,274.98
9639,2024-03-18,Potatoes,Vegetables,9,49.99,449.91
9639,2024-03-18,Bread,Bakery,8,19.22,153.76
9639,2024-03-18,Rice,Dry Products,5,29.9,149.5
9639,2024-03-18,Cheese,Dairy,9,25.64,230.76
5268,2024-06-20,Orange Juice,Beverages,2,9.68,19.36
5268,2024-06-20,Pasta,Dry Products,2,20.18,40.36
5268,2024-06-20,Potatoes,Vegetables,7,15.68,109.76
5268,2024-06-20,Tomato,Vegetables,7,17.67,123.69
5268,2024-06-20,Eggs,Dairy,9,3.36,30.24
5302,2024-06-08,Cookies,Sweets,9,4.28,38.52
5302,2024-06-08,Ham,Meat,9,2.55,22.95
5302,2024-06-08,Chicken,Meat,10,26.2,262.0
5302,2024-06-08,Bread,Bakery,2,46.1,92.2
4429,2024-03-05,Water,Beverages,3,35.93,107.79
4429,2024-03-05,Cookies,Sweets,1,12.99,12.99
4429,2024-03-05,Rice,Dry Products,7,49.43,346.01
4429,2024-03-05,Cheese,Dairy,1,35.9,35.9
4429,2024-03-05,Beef,Meat,10,47.18,471.8
7546,2024-06-08,Butter,Dairy,8,35.92,287.36
7546,2024-06-08,Banana,Fruits,5,30.44,152.2
7196,2024-05-31,Ham,Meat,5,8.08,40.4
7196,2024-05-31,Rice,Dry Products,3,16.06,48.18
7196,2024-05-31,Cookies,Sweets,1,37.65,37.65
7196,2024-05-31,Banana,Fruits,1,29.68,29.68
5856,2024-04-20,Ham,Meat,1,11.25,11.25
5856,2024-04-20,Milk,Dairy,9,21.0,189.0
4893,2024-01-12,Banana,Fruits,5,15.85,79.25
4893,2024-01-12,Milk,Dairy,8,29.37,234.96
4893,2024-01-12,Chocolate,Sweets,4,37.14,148.56
4893,2024-01-12,Bread,Bakery,4,14.51,58.04
8679,2024-05-13,Tea,Beverages,2,36.31,72.62
8679,2024-05-13,Banana,Fruits,2,18.93,37.86
7177,2024-01-22,Pasta,Dry Products,8,36.58,292.64
7177,2024-01-22,Butter,Dairy,2,28.53,57.06
9900,2024-04-13,Eggs,Dairy,1,40.2,40.2
9900,2024-04-13,Ham,Meat,4,49.17,196.68
3765,2024-03-15,Cookies,Sweets,10,43.56,435.6
3765,2024-03-15,Ham,Meat,2,4.7,9.4
3765,2024-03-15,Potatoes,Vegetables,4,12.2,48.8
3239,2024-03-17,Water,Beverages,5,16.45,82.25
3239,2024-03-17,Tomato,Vegetables,5,15.75,78.75
5843,2024-05-12,Cheese,Dairy,1,46.69,46.69
5843,2024-05-12,Ham,Meat,8,11.59,92.72
5843,2024-05-12,Rice,Dry Products,8,39.55,316.4
5843,2024-05-12,Coffee,Beverages,9,9.28,83.52
5843,2024-05-12,Banana,Fruits,3,45.19,135.57
2499,2024-02-20,Apple,Fruits,8,33.59,268.72
2499,2024-02-20,Water,Beverages,10,8.49,84.9
2499,2024-02-20,Tea,Beverages,3,42.14,126.42
2499,2024-02-20,Beef,Meat,5,12.16,60.8
2499,2024-02-20,Potatoes,Vegetables,10,19.69,196.9
3200,2024-02-13,Banana,Fruits,10,38.87,388.7
3200,2024-02-13,Butter,Dairy,2,32.8,65.6
3200,2024-02-13,Orange Juice,Beverages,8,31.79,254.32
7773,2024-02-11,Banana,Fruits,2,19.42,38.84
7773,2024-02-11,Butter,Dairy,9,31.48,283.32
7773,2024-02-11,Chocolate,Sweets,7,33.92,237.44
1932,2024-01-15,Potatoes,Vegetables,2,30.87,61.74
1932,2024-01-15,Tea,Beverages,6,40.03,240.18
5306,2024-04-29,Ham,Meat,6,6.23,37.38
5306,2024-04-29,Beef,Meat,9,30.38,273.42
5306,2024-04-29,Rice,Dry Products,10,11.0,110.0
5306,2024-04-29,Chocolate,Sweets,10,46.67,466.7
5736,2024-06-15,Apple,Fruits,7,30.92,216.44
8262,2024-05-09,Chocolate,Sweets,4,34.85,139.4
8262,2024-05-09,Pasta,Dry Products,2,38.7,77.4
8262,2024-05-09,Banana,Fruits,1,12.74,12.74
8262,2024-05-09,Cheese,Dairy,7,38.21,267.47
1020,2024-04-14,Cheese,Dairy,10,35.49,354.9
2951,2024-04-08,Orange Juice,Beverages,2,26.35,52.7
2951,2024-04-08,Cookies,Sweets,9,13.13,118.17
2951,2024-04-08,Butter,Dairy,3,39.97,119.91
2951,2024-04-08,Bread,Bakery,10,21.76,217.6
2951,2024-04-08,Cheese,Dairy,4,42.79,171.16
3756,2024-02-27,Orange Juice,Beverages,4,42.68,170.72
3756,2024-02-27,Cheese,Dairy,6,9.35,56.1
7716,2024-04-15,Chicken,Meat,10,3.75,37.5
7716,2024-04-15,Butter,Dairy,7,24.54,171.78
7716,2024-04-15,Apple,Fruits,10,44.78,447.8
1898,2024-04-30,Cheese,Dairy,5,17.58,87.9
1898,2024-04-30,Coffee,Beverages,3,27.83,83.49
3500,2024-04-03,Chicken,Meat,2,48.62,97.24
3500,2024-04-03,Ham,Meat,10,36.28,362.8
3500,2024-04-03,Chocolate,Sweets,2,31.15,62.3
5024,2024-05-16,Beef,Meat,4,48.81,195.24
5024,2024-05-16,Chocolate,Sweets,6,14.34,86.04
5024,2024-05-16,Rice,Dry Products,5,29.88,149.4
3653,2024-02-18,Bread,Bakery,9,46.11,414.99
3653,2024-02-18,Coffee,Beverages,8,40.56,324.48
3653,2024-02-18,Water,Beverages,3,38.37,115.11
